date,tone_score,tone_lag_1,tone_lag_2,tone_lag_3
2021-02-01,0.0162,,,
2021-02-02,-0.9136,0.0162,,
2021-02-03,-0.5175,-0.9136,0.0162,
2021-02-04,0.7227,-0.5175,-0.9136,0.0162
2021-02-05,0.6755,0.7227,-0.5175,-0.9136
2021-02-06,2.1518,0.6755,0.7227,-0.5175
2021-02-07,-1.997,2.1518,0.6755,0.7227
2021-02-08,1.0828,-1.997,2.1518,0.6755
2021-02-09,0.1135,1.0828,-1.997,2.1518
2021-02-10,0.0853,0.1135,1.0828,-1.997
2021-02-11,-0.7644,0.0853,0.1135,1.0828
2021-02-12,-1.1477,-0.7644,0.0853,0.1135
2021-02-13,1.3452,-1.1477,-0.7644,0.0853
2021-02-14,-3.1075,1.3452,-1.1477,-0.7644
2021-02-15,1.1337,-3.1075,1.3452,-1.1477
2021-02-16,0.0644,1.1337,-3.1075,1.3452
2021-02-17,0.3861,0.0644,1.1337,-3.1075
2021-02-18,-0.9091,0.3861,0.0644,1.1337
2021-02-19,0.4357,-0.9091,0.3861,0.0644
2021-02-20,0.0,0.4357,-0.9091,0.3861
2021-02-21,0.7811,0.0,0.4357,-0.9091
2021-02-22,-0.8765,0.7811,0.0,0.4357
2021-02-23,-0.7332,-0.8765,0.7811,0.0
2021-02-24,0.8493,-0.7332,-0.8765,0.7811
2021-02-25,0.8442,0.8493,-0.7332,-0.8765
2021-02-26,-0.8747,0.8442,0.8493,-0.7332
2021-02-27,1.586,-0.8747,0.8442,0.8493
2021-02-28,1.5261,1.586,-0.8747,0.8442
2021-03-01,-0.035,1.5261,1.586,-0.8747
2021-03-02,0.695,-0.035,1.5261,1.586
2021-03-03,3.8023,0.695,-0.035,1.5261
2021-03-04,0.2185,3.8023,0.695,-0.035
2021-03-05,1.955,0.2185,3.8023,0.695
2021-03-06,4.3134,1.955,0.2185,3.8023
2021-03-07,1.5715,4.3134,1.955,0.2185
2021-03-08,2.8715,1.5715,4.3134,1.955
2021-03-09,0.9749,2.8715,1.5715,4.3134
2021-03-10,0.4013,0.9749,2.8715,1.5715
2021-03-11,1.7466,0.4013,0.9749,2.8715
2021-03-12,0.6475,1.7466,0.4013,0.9749
2021-03-13,0.4728,0.6475,1.7466,0.4013
2021-03-14,2.3253,0.4728,0.6475,1.7466
2021-03-15,-1.1855,2.3253,0.4728,0.6475
2021-03-16,1.0056,-1.1855,2.3253,0.4728
2021-03-17,1.5917,1.0056,-1.1855,2.3253
2021-03-18,3.6306,1.5917,1.0056,-1.1855
2021-03-19,-0.5566,3.6306,1.5917,1.0056
2021-03-20,1.1343,-0.5566,3.6306,1.5917
2021-03-21,0.694,1.1343,-0.5566,3.6306
2021-03-22,1.684,0.694,1.1343,-0.5566
2021-03-23,0.8161,1.684,0.694,1.1343
2021-03-24,0.5651,0.8161,1.684,0.694
2021-03-25,3.538,0.5651,0.8161,1.684
2021-03-26,1.8136,3.538,0.5651,0.8161
2021-03-27,-0.3068,1.8136,3.538,0.5651
2021-03-28,-0.21,-0.3068,1.8136,3.538
2021-03-29,1.2468,-0.21,-0.3068,1.8136
2021-03-30,0.6534,1.2468,-0.21,-0.3068
2021-03-31,2.3402,0.6534,1.2468,-0.21
2021-04-01,0.9817,2.3402,0.6534,1.2468
2021-04-02,2.6181,0.9817,2.3402,0.6534
2021-04-03,2.3185,2.6181,0.9817,2.3402
2021-04-04,1.2264,2.3185,2.6181,0.9817
2021-04-05,2.1777,1.2264,2.3185,2.6181
2021-04-06,-0.7888,2.1777,1.2264,2.3185
2021-04-07,1.1017,-0.7888,2.1777,1.2264
2021-04-08,1.1911,1.1017,-0.7888,2.1777
2021-04-09,-0.6448,1.1911,1.1017,-0.7888
2021-04-10,1.5112,-0.6448,1.1911,1.1017
2021-04-11,2.2449,1.5112,-0.6448,1.1911
2021-04-12,-2.2183,2.2449,1.5112,-0.6448
2021-04-13,0.1823,-2.2183,2.2449,1.5112
2021-04-14,0.8448,0.1823,-2.2183,2.2449
2021-04-15,1.0566,0.8448,0.1823,-2.2183
2021-04-16,-1.2363,1.0566,0.8448,0.1823
2021-04-17,4.014,-1.2363,1.0566,0.8448
2021-04-18,0.2696,4.014,-1.2363,1.0566
2021-04-19,0.7635,0.2696,4.014,-1.2363
2021-04-20,1.4319,0.7635,0.2696,4.014
2021-04-21,1.7678,1.4319,0.7635,0.2696
2021-04-22,2.0794,1.7678,1.4319,0.7635
2021-04-23,1.1714,2.0794,1.7678,1.4319
2021-04-24,0.4203,1.1714,2.0794,1.7678
2021-04-25,1.294,0.4203,1.1714,2.0794
2021-04-26,1.6562,1.294,0.4203,1.1714
2021-04-27,1.018,1.6562,1.294,0.4203
2021-04-28,-0.954,1.018,1.6562,1.294
2021-04-29,1.1607,-0.954,1.018,1.6562
2021-04-30,1.042,1.1607,-0.954,1.018
2021-05-01,2.6347,1.042,1.1607,-0.954
2021-05-02,-2.0523,2.6347,1.042,1.1607
2021-05-03,-0.8593,-2.0523,2.6347,1.042
2021-05-04,1.1066,-0.8593,-2.0523,2.6347
2021-05-05,-0.4083,1.1066,-0.8593,-2.0523
2021-05-06,1.232,-0.4083,1.1066,-0.8593
2021-05-07,0.6697,1.232,-0.4083,1.1066
2021-05-08,1.5403,0.6697,1.232,-0.4083
2021-05-09,-1.4494,1.5403,0.6697,1.232
2021-05-10,1.864,-1.4494,1.5403,0.6697
2021-05-11,1.9663,1.864,-1.4494,1.5403
2021-05-12,-0.4775,1.9663,1.864,-1.4494
2021-05-13,1.8825,-0.4775,1.9663,1.864
2021-05-14,1.4988,1.8825,-0.4775,1.9663
2021-05-15,1.7459,1.4988,1.8825,-0.4775
2021-05-16,-1.381,1.7459,1.4988,1.8825
2021-05-17,0.1726,-1.381,1.7459,1.4988
2021-05-18,1.7086,0.1726,-1.381,1.7459
2021-05-19,1.5237,1.7086,0.1726,-1.381
2021-05-20,0.4943,1.5237,1.7086,0.1726
2021-05-21,0.2659,0.4943,1.5237,1.7086
2021-05-22,-0.2563,0.2659,0.4943,1.5237
2021-05-23,-0.7536,-0.2563,0.2659,0.4943
2021-05-24,0.6018,-0.7536,-0.2563,0.2659
2021-05-25,0.4942,0.6018,-0.7536,-0.2563
2021-05-26,1.1554,0.4942,0.6018,-0.7536
2021-05-27,0.3512,1.1554,0.4942,0.6018
2021-05-28,1.6819,0.3512,1.1554,0.4942
2021-05-29,1.0936,1.6819,0.3512,1.1554
2021-05-30,-1.2116,1.0936,1.6819,0.3512
2021-05-31,-0.5602,-1.2116,1.0936,1.6819
2021-06-01,-0.1931,-0.5602,-1.2116,1.0936
2021-06-02,1.1838,-0.1931,-0.5602,-1.2116
2021-06-03,2.2146,1.1838,-0.1931,-0.5602
2021-06-04,0.6741,2.2146,1.1838,-0.1931
2021-06-05,1.1775,0.6741,2.2146,1.1838
2021-06-06,2.3293,1.1775,0.6741,2.2146
2021-06-07,1.1217,2.3293,1.1775,0.6741
2021-06-08,0.6809,1.1217,2.3293,1.1775
2021-06-09,-0.5091,0.6809,1.1217,2.3293
2021-06-10,-0.743,-0.5091,0.6809,1.1217
2021-06-11,-1.2043,-0.743,-0.5091,0.6809
2021-06-12,0.5195,-1.2043,-0.743,-0.5091
2021-06-13,1.2997,0.5195,-1.2043,-0.743
2021-06-14,0.52,1.2997,0.5195,-1.2043
2021-06-15,1.818,0.52,1.2997,0.5195
2021-06-16,-0.1348,1.818,0.52,1.2997
2021-06-17,1.1942,-0.1348,1.818,0.52
2021-06-18,-2.1391,1.1942,-0.1348,1.818
2021-06-19,1.0333,-2.1391,1.1942,-0.1348
2021-06-20,0.8611,1.0333,-2.1391,1.1942
2021-06-21,0.4849,0.8611,1.0333,-2.1391
2021-06-22,1.1307,0.4849,0.8611,1.0333
2021-06-23,1.4284,1.1307,0.4849,0.8611
2021-06-24,1.0687,1.4284,1.1307,0.4849
2021-06-25,1.9351,1.0687,1.4284,1.1307
2021-06-26,-0.427,1.9351,1.0687,1.4284
2021-06-27,1.5807,-0.427,1.9351,1.0687
2021-06-28,0.2215,1.5807,-0.427,1.9351
2021-06-29,-1.1794,0.2215,1.5807,-0.427
2021-06-30,-1.1509,-1.1794,0.2215,1.5807
2021-07-01,2.0175,-1.1509,-1.1794,0.2215
2021-07-02,1.2458,2.0175,-1.1509,-1.1794
2021-07-03,0.2588,1.2458,2.0175,-1.1509
2021-07-04,0.016,0.2588,1.2458,2.0175
2021-07-05,-0.1429,0.016,0.2588,1.2458
2021-07-06,0.5732,-0.1429,0.016,0.2588
2021-07-07,-0.7741,0.5732,-0.1429,0.016
2021-07-08,0.7386,-0.7741,0.5732,-0.1429
2021-07-09,-0.6596,0.7386,-0.7741,0.5732
2021-07-10,-1.3694,-0.6596,0.7386,-0.7741
2021-07-11,-1.6376,-1.3694,-0.6596,0.7386
2021-07-12,0.637,-1.6376,-1.3694,-0.6596
2021-07-13,-0.0876,0.637,-1.6376,-1.3694
2021-07-14,0.6309,-0.0876,0.637,-1.6376
2021-07-15,-0.3437,0.6309,-0.0876,0.637
2021-07-16,0.9802,-0.3437,0.6309,-0.0876
2021-07-17,1.2953,0.9802,-0.3437,0.6309
2021-07-18,2.3367,1.2953,0.9802,-0.3437
2021-07-19,0.1561,2.3367,1.2953,0.9802
2021-07-20,1.8914,0.1561,2.3367,1.2953
2021-07-21,1.8777,1.8914,0.1561,2.3367
2021-07-22,0.6453,1.8777,1.8914,0.1561
2021-07-23,0.4351,0.6453,1.8777,1.8914
2021-07-24,1.3774,0.4351,0.6453,1.8777
2021-07-25,-0.5691,1.3774,0.4351,0.6453
2021-07-26,-1.6358,-0.5691,1.3774,0.4351
2021-07-27,1.2875,-1.6358,-0.5691,1.3774
2021-07-28,0.8335,1.2875,-1.6358,-0.5691
2021-07-29,2.2784,0.8335,1.2875,-1.6358
2021-07-30,-0.2126,2.2784,0.8335,1.2875
2021-07-31,-1.8322,-0.2126,2.2784,0.8335
2021-08-01,1.2804,-1.8322,-0.2126,2.2784
2021-08-02,2.1315,1.2804,-1.8322,-0.2126
2021-08-03,1.5708,2.1315,1.2804,-1.8322
2021-08-04,1.1327,1.5708,2.1315,1.2804
2021-08-05,2.1246,1.1327,1.5708,2.1315
2021-08-06,1.641,2.1246,1.1327,1.5708
2021-08-07,-2.1262,1.641,2.1246,1.1327
2021-08-08,0.7086,-2.1262,1.641,2.1246
2021-08-09,0.6738,0.7086,-2.1262,1.641
2021-08-10,0.4163,0.6738,0.7086,-2.1262
2021-08-11,0.5554,0.4163,0.6738,0.7086
2021-08-12,-0.1623,0.5554,0.4163,0.6738
2021-08-13,2.5311,-0.1623,0.5554,0.4163
2021-08-14,1.1761,2.5311,-0.1623,0.5554
2021-08-15,1.1938,1.1761,2.5311,-0.1623
2021-08-16,1.9357,1.1938,1.1761,2.5311
2021-08-17,-0.5866,1.9357,1.1938,1.1761
2021-08-18,-1.4741,-0.5866,1.9357,1.1938
2021-08-19,0.4989,-1.4741,-0.5866,1.9357
2021-08-20,1.6154,0.4989,-1.4741,-0.5866
2021-08-21,1.1897,1.6154,0.4989,-1.4741
2021-08-22,-0.0062,1.1897,1.6154,0.4989
2021-08-23,1.3028,-0.0062,1.1897,1.6154
2021-08-24,-0.1013,1.3028,-0.0062,1.1897
2021-08-25,1.1663,-0.1013,1.3028,-0.0062
2021-08-26,0.3853,1.1663,-0.1013,1.3028
2021-08-27,0.0417,0.3853,1.1663,-0.1013
2021-08-28,0.9198,0.0417,0.3853,1.1663
2021-08-29,1.3701,0.9198,0.0417,0.3853
2021-08-30,0.6498,1.3701,0.9198,0.0417
2021-08-31,0.6627,0.6498,1.3701,0.9198
2021-09-01,1.3237,0.6627,0.6498,1.3701
2021-09-02,0.6941,1.3237,0.6627,0.6498
2021-09-03,0.9244,0.6941,1.3237,0.6627
2021-09-04,0.1883,0.9244,0.6941,1.3237
2021-09-05,0.1173,0.1883,0.9244,0.6941
2021-09-06,0.9033,0.1173,0.1883,0.9244
2021-09-07,0.309,0.9033,0.1173,0.1883
2021-09-08,-0.168,0.309,0.9033,0.1173
2021-09-09,0.948,-0.168,0.309,0.9033
2021-09-10,0.0364,0.948,-0.168,0.309
2021-09-11,-0.2136,0.0364,0.948,-0.168
2021-09-12,-0.2052,-0.2136,0.0364,0.948
2021-09-13,0.5447,-0.2052,-0.2136,0.0364
2021-09-14,0.9431,0.5447,-0.2052,-0.2136
2021-09-15,-1.7604,0.9431,0.5447,-0.2052
2021-09-16,-1.0444,-1.7604,0.9431,0.5447
2021-09-17,0.6043,-1.0444,-1.7604,0.9431
2021-09-18,-0.2388,0.6043,-1.0444,-1.7604
2021-09-19,-1.2018,-0.2388,0.6043,-1.0444
2021-09-20,-0.6789,-1.2018,-0.2388,0.6043
2021-09-21,0.1437,-0.6789,-1.2018,-0.2388
2021-09-22,-0.7151,0.1437,-0.6789,-1.2018
2021-09-23,-1.2724,-0.7151,0.1437,-0.6789
2021-09-24,-2.1363,-1.2724,-0.7151,0.1437
2021-09-25,-1.6619,-2.1363,-1.2724,-0.7151
2021-09-26,-1.4396,-1.6619,-2.1363,-1.2724
2021-09-27,-0.6713,-1.4396,-1.6619,-2.1363
2021-09-28,0.6151,-0.6713,-1.4396,-1.6619
2021-09-29,0.6759,0.6151,-0.6713,-1.4396
2021-09-30,-0.6181,0.6759,0.6151,-0.6713
2021-10-01,0.32,-0.6181,0.6759,0.6151
2021-10-02,0.2798,0.32,-0.6181,0.6759
2021-10-03,0.3431,0.2798,0.32,-0.6181
2021-10-04,-0.5846,0.3431,0.2798,0.32
2021-10-05,-2.3911,-0.5846,0.3431,0.2798
2021-10-06,0.1607,-2.3911,-0.5846,0.3431
2021-10-07,1.0738,0.1607,-2.3911,-0.5846
2021-10-08,1.6291,1.0738,0.1607,-2.3911
2021-10-09,0.4564,1.6291,1.0738,0.1607
2021-10-10,2.5947,0.4564,1.6291,1.0738
2021-10-11,1.484,2.5947,0.4564,1.6291
2021-10-12,-0.1098,1.484,2.5947,0.4564
2021-10-13,1.4677,-0.1098,1.484,2.5947
2021-10-14,0.8445,1.4677,-0.1098,1.484
2021-10-15,1.8289,0.8445,1.4677,-0.1098
2021-10-16,1.5246,1.8289,0.8445,1.4677
2021-10-17,0.6869,1.5246,1.8289,0.8445
2021-10-18,0.3656,0.6869,1.5246,1.8289
2021-10-19,1.5107,0.3656,0.6869,1.5246
2021-10-20,0.5656,1.5107,0.3656,0.6869
2021-10-21,1.0091,0.5656,1.5107,0.3656
2021-10-22,0.595,1.0091,0.5656,1.5107
2021-10-23,-0.8139,0.595,1.0091,0.5656
2021-10-24,0.6664,-0.8139,0.595,1.0091
2021-10-25,0.7825,0.6664,-0.8139,0.595
2021-10-26,1.1492,0.7825,0.6664,-0.8139
2021-10-27,0.8703,1.1492,0.7825,0.6664
2021-10-28,0.8275,0.8703,1.1492,0.7825
2021-10-29,2.1489,0.8275,0.8703,1.1492
2021-10-30,-1.0079,2.1489,0.8275,0.8703
2021-10-31,0.8373,-1.0079,2.1489,0.8275
2021-11-01,0.6628,0.8373,-1.0079,2.1489
2021-11-02,1.4356,0.6628,0.8373,-1.0079
2021-11-03,1.4653,1.4356,0.6628,0.8373
2021-11-04,0.2403,1.4653,1.4356,0.6628
2021-11-05,-0.1173,0.2403,1.4653,1.4356
2021-11-06,-0.5745,-0.1173,0.2403,1.4653
2021-11-07,0.2605,-0.5745,-0.1173,0.2403
2021-11-08,0.9156,0.2605,-0.5745,-0.1173
2021-11-09,0.758,0.9156,0.2605,-0.5745
2021-11-10,1.1861,0.758,0.9156,0.2605
2021-11-11,1.2059,1.1861,0.758,0.9156
2021-11-12,2.131,1.2059,1.1861,0.758
2021-11-13,1.8883,2.131,1.2059,1.1861
2021-11-14,1.3564,1.8883,2.131,1.2059
2021-11-15,1.7002,1.3564,1.8883,2.131
2021-11-16,0.356,1.7002,1.3564,1.8883
2021-11-17,1.1638,0.356,1.7002,1.3564
2021-11-18,0.924,1.1638,0.356,1.7002
2021-11-19,-1.0528,0.924,1.1638,0.356
2021-11-20,0.7319,-1.0528,0.924,1.1638
2021-11-21,0.1306,0.7319,-1.0528,0.924
2021-11-22,1.2127,0.1306,0.7319,-1.0528
2021-11-23,1.1521,1.2127,0.1306,0.7319
2021-11-24,0.3872,1.1521,1.2127,0.1306
2021-11-25,0.6568,0.3872,1.1521,1.2127
2021-11-26,-0.6952,0.6568,0.3872,1.1521
2021-11-27,-0.7698,-0.6952,0.6568,0.3872
2021-11-28,0.3948,-0.7698,-0.6952,0.6568
2021-11-29,-0.3873,0.3948,-0.7698,-0.6952
2021-11-30,0.4067,-0.3873,0.3948,-0.7698
2021-12-01,0.7959,0.4067,-0.3873,0.3948
2021-12-02,0.7324,0.7959,0.4067,-0.3873
2021-12-03,0.03,0.7324,0.7959,0.4067
2021-12-04,0.8728,0.03,0.7324,0.7959
2021-12-05,-0.3867,0.8728,0.03,0.7324
2021-12-06,0.1323,-0.3867,0.8728,0.03
2021-12-07,0.8183,0.1323,-0.3867,0.8728
2021-12-08,0.3536,0.8183,0.1323,-0.3867
2021-12-09,2.0175,0.3536,0.8183,0.1323
2021-12-10,0.0557,2.0175,0.3536,0.8183
2021-12-11,0.6119,0.0557,2.0175,0.3536
2021-12-12,1.6982,0.6119,0.0557,2.0175
2021-12-13,-0.0085,1.6982,0.6119,0.0557
2021-12-14,0.1036,-0.0085,1.6982,0.6119
2021-12-15,1.7114,0.1036,-0.0085,1.6982
2021-12-16,2.4906,1.7114,0.1036,-0.0085
2021-12-17,0.7658,2.4906,1.7114,0.1036
2021-12-18,1.0026,0.7658,2.4906,1.7114
2021-12-19,0.4081,1.0026,0.7658,2.4906
2021-12-20,0.7169,0.4081,1.0026,0.7658
2021-12-21,-0.1477,0.7169,0.4081,1.0026
2021-12-22,-0.0277,-0.1477,0.7169,0.4081
2021-12-23,0.9764,-0.0277,-0.1477,0.7169
2021-12-24,1.9416,0.9764,-0.0277,-0.1477
2021-12-25,0.4679,1.9416,0.9764,-0.0277
2021-12-26,0.4928,0.4679,1.9416,0.9764
2021-12-27,0.3725,0.4928,0.4679,1.9416
2021-12-28,-0.3267,0.3725,0.4928,0.4679
2021-12-29,1.1022,-0.3267,0.3725,0.4928
2021-12-30,1.1674,1.1022,-0.3267,0.3725
2021-12-31,0.7583,1.1674,1.1022,-0.3267
2022-01-01,0.322,0.7583,1.1674,1.1022
2022-01-02,1.7327,0.322,0.7583,1.1674
2022-01-03,0.8257,1.7327,0.322,0.7583
2022-01-04,0.7944,0.8257,1.7327,0.322
2022-01-05,0.8117,0.7944,0.8257,1.7327
2022-01-06,-0.4481,0.8117,0.7944,0.8257
2022-01-07,-1.2416,-0.4481,0.8117,0.7944
2022-01-08,-0.0515,-1.2416,-0.4481,0.8117
2022-01-09,-0.2118,-0.0515,-1.2416,-0.4481
2022-01-10,-0.1393,-0.2118,-0.0515,-1.2416
2022-01-11,0.389,-0.1393,-0.2118,-0.0515
2022-01-12,1.1572,0.389,-0.1393,-0.2118
2022-01-13,0.5799,1.1572,0.389,-0.1393
2022-01-14,-0.1363,0.5799,1.1572,0.389
2022-01-15,0.4395,-0.1363,0.5799,1.1572
2022-01-16,0.1591,0.4395,-0.1363,0.5799
2022-01-17,0.573,0.1591,0.4395,-0.1363
2022-01-18,-0.2056,0.573,0.1591,0.4395
2022-01-19,0.4834,-0.2056,0.573,0.1591
2022-01-20,0.3427,0.4834,-0.2056,0.573
2022-01-21,-1.3819,0.3427,0.4834,-0.2056
2022-01-22,-2.3079,-1.3819,0.3427,0.4834
2022-01-23,-2.2834,-2.3079,-1.3819,0.3427
2022-01-24,-2.1033,-2.2834,-2.3079,-1.3819
2022-01-25,-0.2753,-2.1033,-2.2834,-2.3079
2022-01-26,-0.4481,-0.2753,-2.1033,-2.2834
2022-01-27,0.0917,-0.4481,-0.2753,-2.1033
2022-01-28,-0.0324,0.0917,-0.4481,-0.2753
2022-01-29,-0.2495,-0.0324,0.0917,-0.4481
2022-01-30,0.8323,-0.2495,-0.0324,0.0917
2022-01-31,0.6152,0.8323,-0.2495,-0.0324
2022-02-01,0.7021,0.6152,0.8323,-0.2495
2022-02-02,0.0741,0.7021,0.6152,0.8323
2022-02-03,-0.1296,0.0741,0.7021,0.6152
2022-02-04,-0.6314,-0.1296,0.0741,0.7021
2022-02-05,-0.7481,-0.6314,-0.1296,0.0741
2022-02-06,-0.4601,-0.7481,-0.6314,-0.1296
2022-02-07,0.3974,-0.4601,-0.7481,-0.6314
2022-02-08,-0.0501,0.3974,-0.4601,-0.7481
2022-02-09,0.661,-0.0501,0.3974,-0.4601
2022-02-10,0.8092,0.661,-0.0501,0.3974
2022-02-11,0.7955,0.8092,0.661,-0.0501
2022-02-12,1.6603,0.7955,0.8092,0.661
2022-02-13,0.5182,1.6603,0.7955,0.8092
2022-02-14,0.3481,0.5182,1.6603,0.7955
2022-02-15,0.731,0.3481,0.5182,1.6603
2022-02-16,1.0174,0.731,0.3481,0.5182
2022-02-17,0.0458,1.0174,0.731,0.3481
2022-02-18,0.2153,0.0458,1.0174,0.731
2022-02-19,-1.5648,0.2153,0.0458,1.0174
2022-02-20,-0.2652,-1.5648,0.2153,0.0458
2022-02-21,-0.2657,-0.2652,-1.5648,0.2153
2022-02-22,0.7298,-0.2657,-0.2652,-1.5648
2022-02-23,1.8213,0.7298,-0.2657,-0.2652
2022-02-24,-0.3908,1.8213,0.7298,-0.2657
2022-02-25,-0.0673,-0.3908,1.8213,0.7298
2022-02-26,0.6118,-0.0673,-0.3908,1.8213
2022-02-27,0.2362,0.6118,-0.0673,-0.3908
2022-02-28,0.288,0.2362,0.6118,-0.0673
2022-03-01,0.3823,0.288,0.2362,0.6118
2022-03-02,1.5964,0.3823,0.288,0.2362
2022-03-03,1.6028,1.5964,0.3823,0.288
2022-03-04,-0.8725,1.6028,1.5964,0.3823
2022-03-05,-0.3997,-0.8725,1.6028,1.5964
2022-03-06,-0.3983,-0.3997,-0.8725,1.6028
2022-03-07,1.1565,-0.3983,-0.3997,-0.8725
2022-03-08,-0.2148,1.1565,-0.3983,-0.3997
2022-03-09,1.2903,-0.2148,1.1565,-0.3983
2022-03-10,1.2996,1.2903,-0.2148,1.1565
2022-03-11,1.0161,1.2996,1.2903,-0.2148
2022-03-12,0.009,1.0161,1.2996,1.2903
2022-03-13,0.893,0.009,1.0161,1.2996
2022-03-14,0.6514,0.893,0.009,1.0161
2022-03-15,1.4276,0.6514,0.893,0.009
2022-03-16,0.7128,1.4276,0.6514,0.893
2022-03-17,1.1,0.7128,1.4276,0.6514
2022-03-18,1.0381,1.1,0.7128,1.4276
2022-03-19,0.4641,1.0381,1.1,0.7128
2022-03-20,0.6919,0.4641,1.0381,1.1
2022-03-21,0.3435,0.6919,0.4641,1.0381
2022-03-22,0.9116,0.3435,0.6919,0.4641
2022-03-23,1.7904,0.9116,0.3435,0.6919
2022-03-24,0.8973,1.7904,0.9116,0.3435
2022-03-25,0.4716,0.8973,1.7904,0.9116
2022-03-26,-1.3714,0.4716,0.8973,1.7904
2022-03-27,0.2999,-1.3714,0.4716,0.8973
2022-03-28,0.1441,0.2999,-1.3714,0.4716
2022-03-29,0.1732,0.1441,0.2999,-1.3714
2022-03-30,-0.5854,0.1732,0.1441,0.2999
2022-03-31,0.3265,-0.5854,0.1732,0.1441
2022-04-01,0.7377,0.3265,-0.5854,0.1732
2022-04-02,-0.1451,0.7377,0.3265,-0.5854
2022-04-03,0.7865,-0.1451,0.7377,0.3265
2022-04-04,0.6119,0.7865,-0.1451,0.7377
2022-04-05,0.8313,0.6119,0.7865,-0.1451
2022-04-06,0.5922,0.8313,0.6119,0.7865
2022-04-07,1.0893,0.5922,0.8313,0.6119
2022-04-08,-0.1361,1.0893,0.5922,0.8313
2022-04-09,0.3481,-0.1361,1.0893,0.5922
2022-04-10,1.0188,0.3481,-0.1361,1.0893
2022-04-11,0.5056,1.0188,0.3481,-0.1361
2022-04-12,0.5846,0.5056,1.0188,0.3481
2022-04-13,0.3097,0.5846,0.5056,1.0188
2022-04-14,0.4672,0.3097,0.5846,0.5056
2022-04-15,1.3602,0.4672,0.3097,0.5846
2022-04-16,0.1377,1.3602,0.4672,0.3097
2022-04-17,0.7989,0.1377,1.3602,0.4672
2022-04-18,-0.079,0.7989,0.1377,1.3602
2022-04-19,1.1009,-0.079,0.7989,0.1377
2022-04-20,1.5303,1.1009,-0.079,0.7989
2022-04-21,1.6508,1.5303,1.1009,-0.079
2022-04-22,1.0829,1.6508,1.5303,1.1009
2022-04-23,0.3331,1.0829,1.6508,1.5303
2022-04-24,0.2112,0.3331,1.0829,1.6508
2022-04-25,0.3869,0.2112,0.3331,1.0829
2022-04-26,-0.0834,0.3869,0.2112,0.3331
2022-04-27,0.5278,-0.0834,0.3869,0.2112
2022-04-28,1.8148,0.5278,-0.0834,0.3869
2022-04-29,1.1838,1.8148,0.5278,-0.0834
2022-04-30,-1.1675,1.1838,1.8148,0.5278
2022-05-01,-0.2154,-1.1675,1.1838,1.8148
2022-05-02,-0.2849,-0.2154,-1.1675,1.1838
2022-05-03,0.7927,-0.2849,-0.2154,-1.1675
2022-05-04,-0.2261,0.7927,-0.2849,-0.2154
2022-05-05,0.0948,-0.2261,0.7927,-0.2849
2022-05-06,0.2306,0.0948,-0.2261,0.7927
2022-05-07,0.3676,0.2306,0.0948,-0.2261
2022-05-08,-0.0019,0.3676,0.2306,0.0948
2022-05-09,-1.3038,-0.0019,0.3676,0.2306
2022-05-10,-2.4859,-1.3038,-0.0019,0.3676
2022-05-11,-0.0327,-2.4859,-1.3038,-0.0019
2022-05-12,-1.2112,-0.0327,-2.4859,-1.3038
2022-05-13,-0.6596,-1.2112,-0.0327,-2.4859
2022-05-14,-0.1804,-0.6596,-1.2112,-0.0327
2022-05-15,0.6115,-0.1804,-0.6596,-1.2112
2022-05-16,0.0968,0.6115,-0.1804,-0.6596
2022-05-17,1.3849,0.0968,0.6115,-0.1804
2022-05-18,0.9906,1.3849,0.0968,0.6115
2022-05-19,0.4461,0.9906,1.3849,0.0968
2022-05-20,0.4502,0.4461,0.9906,1.3849
2022-05-21,1.686,0.4502,0.4461,0.9906
2022-05-22,1.1269,1.686,0.4502,0.4461
2022-05-23,1.3778,1.1269,1.686,0.4502
2022-05-24,1.3999,1.3778,1.1269,1.686
2022-05-25,1.0451,1.3999,1.3778,1.1269
2022-05-26,-0.2737,1.0451,1.3999,1.3778
2022-05-27,-0.5571,-0.2737,1.0451,1.3999
2022-05-28,-1.6362,-0.5571,-0.2737,1.0451
2022-05-29,0.5595,-1.6362,-0.5571,-0.2737
2022-05-30,0.2251,0.5595,-1.6362,-0.5571
2022-05-31,0.7497,0.2251,0.5595,-1.6362
2022-06-01,0.4525,0.7497,0.2251,0.5595
2022-06-02,-0.222,0.4525,0.7497,0.2251
2022-06-03,-0.368,-0.222,0.4525,0.7497
2022-06-04,0.1986,-0.368,-0.222,0.4525
2022-06-05,0.0937,0.1986,-0.368,-0.222
2022-06-06,0.1659,0.0937,0.1986,-0.368
2022-06-07,0.8933,0.1659,0.0937,0.1986
2022-06-08,1.3381,0.8933,0.1659,0.0937
2022-06-09,1.0621,1.3381,0.8933,0.1659
2022-06-10,1.2639,1.0621,1.3381,0.8933
2022-06-11,-0.4229,1.2639,1.0621,1.3381
2022-06-12,-0.2291,-0.4229,1.2639,1.0621
2022-06-13,-1.8835,-0.2291,-0.4229,1.2639
2022-06-14,0.4119,-1.8835,-0.2291,-0.4229
2022-06-15,-1.6791,0.4119,-1.8835,-0.2291
2022-06-16,-0.4091,-1.6791,0.4119,-1.8835
2022-06-17,0.8122,-0.4091,-1.6791,0.4119
2022-06-18,-1.9892,0.8122,-0.4091,-1.6791
2022-06-19,-1.3341,-1.9892,0.8122,-0.4091
2022-06-20,-1.8587,-1.3341,-1.9892,0.8122
2022-06-21,1.0371,-1.8587,-1.3341,-1.9892
2022-06-22,0.7149,1.0371,-1.8587,-1.3341
2022-06-23,1.2169,0.7149,1.0371,-1.8587
2022-06-24,0.5757,1.2169,0.7149,1.0371
2022-06-25,-0.4251,0.5757,1.2169,0.7149
2022-06-26,-1.6596,-0.4251,0.5757,1.2169
2022-06-27,0.4793,-1.6596,-0.4251,0.5757
2022-06-28,1.3269,0.4793,-1.6596,-0.4251
2022-06-29,-0.0018,1.3269,0.4793,-1.6596
2022-06-30,1.5607,-0.0018,1.3269,0.4793
2022-07-01,0.2552,1.5607,-0.0018,1.3269
2022-07-02,-0.2363,0.2552,1.5607,-0.0018
2022-07-03,-1.8733,-0.2363,0.2552,1.5607
2022-07-04,-0.1348,-1.8733,-0.2363,0.2552
2022-07-05,0.2187,-0.1348,-1.8733,-0.2363
2022-07-06,-0.1231,0.2187,-0.1348,-1.8733
2022-07-07,0.2863,-0.1231,0.2187,-0.1348
2022-07-08,-0.4601,0.2863,-0.1231,0.2187
2022-07-09,-0.759,-0.4601,0.2863,-0.1231
2022-07-10,-1.443,-0.759,-0.4601,0.2863
2022-07-11,0.278,-1.443,-0.759,-0.4601
2022-07-12,0.5359,0.278,-1.443,-0.759
2022-07-13,0.5648,0.5359,0.278,-1.443
2022-07-14,0.3653,0.5648,0.5359,0.278
2022-07-15,0.9752,0.3653,0.5648,0.5359
2022-07-16,0.1812,0.9752,0.3653,0.5648
2022-07-17,0.5914,0.1812,0.9752,0.3653
2022-07-18,1.002,0.5914,0.1812,0.9752
2022-07-19,0.0333,1.002,0.5914,0.1812
2022-07-20,-0.4766,0.0333,1.002,0.5914
2022-07-21,0.6602,-0.4766,0.0333,1.002
2022-07-22,0.9351,0.6602,-0.4766,0.0333
2022-07-23,0.0192,0.9351,0.6602,-0.4766
2022-07-24,0.1497,0.0192,0.9351,0.6602
2022-07-25,0.2129,0.1497,0.0192,0.9351
2022-07-26,-0.5163,0.2129,0.1497,0.0192
2022-07-27,0.5554,-0.5163,0.2129,0.1497
2022-07-28,-0.015,0.5554,-0.5163,0.2129
2022-07-29,0.8623,-0.015,0.5554,-0.5163
2022-07-30,2.9598,0.8623,-0.015,0.5554
2022-07-31,1.3036,2.9598,0.8623,-0.015
2022-08-01,1.2349,1.3036,2.9598,0.8623
2022-08-02,0.1875,1.2349,1.3036,2.9598
2022-08-03,-2.0931,0.1875,1.2349,1.3036
2022-08-04,-0.3999,-2.0931,0.1875,1.2349
2022-08-05,-0.9094,-0.3999,-2.0931,0.1875
2022-08-06,-0.9019,-0.9094,-0.3999,-2.0931
2022-08-07,0.1697,-0.9019,-0.9094,-0.3999
2022-08-08,-0.5693,0.1697,-0.9019,-0.9094
2022-08-09,-0.4735,-0.5693,0.1697,-0.9019
2022-08-10,0.6406,-0.4735,-0.5693,0.1697
2022-08-11,0.5655,0.6406,-0.4735,-0.5693
2022-08-12,0.1658,0.5655,0.6406,-0.4735
2022-08-13,0.9864,0.1658,0.5655,0.6406
2022-08-14,1.0273,0.9864,0.1658,0.5655
2022-08-15,-0.1633,1.0273,0.9864,0.1658
2022-08-16,-1.5354,-0.1633,1.0273,0.9864
2022-08-17,0.6078,-1.5354,-0.1633,1.0273
2022-08-18,-0.1603,0.6078,-1.5354,-0.1633
2022-08-19,-1.5577,-0.1603,0.6078,-1.5354
2022-08-20,0.3302,-1.5577,-0.1603,0.6078
2022-08-21,-0.9527,0.3302,-1.5577,-0.1603
2022-08-22,-0.7635,-0.9527,0.3302,-1.5577
2022-08-23,-0.4597,-0.7635,-0.9527,0.3302
2022-08-24,1.8198,-0.4597,-0.7635,-0.9527
2022-08-25,0.07,1.8198,-0.4597,-0.7635
2022-08-26,-0.0968,0.07,1.8198,-0.4597
2022-08-27,-0.6968,-0.0968,0.07,1.8198
2022-08-28,-0.5048,-0.6968,-0.0968,0.07
2022-08-29,-0.5159,-0.5048,-0.6968,-0.0968
2022-08-30,-0.3229,-0.5159,-0.5048,-0.6968
2022-08-31,0.4852,-0.3229,-0.5159,-0.5048
2022-09-01,-1.6685,0.4852,-0.3229,-0.5159
2022-09-02,-1.1681,-1.6685,0.4852,-0.3229
2022-09-03,0.5485,-1.1681,-1.6685,0.4852
2022-09-04,-0.6952,0.5485,-1.1681,-1.6685
2022-09-05,-0.1471,-0.6952,0.5485,-1.1681
2022-09-06,0.2542,-0.1471,-0.6952,0.5485
2022-09-07,0.0754,0.2542,-0.1471,-0.6952
2022-09-08,0.8315,0.0754,0.2542,-0.1471
2022-09-09,0.7401,0.8315,0.0754,0.2542
2022-09-10,0.4385,0.7401,0.8315,0.0754
2022-09-11,1.5056,0.4385,0.7401,0.8315
2022-09-12,0.1895,1.5056,0.4385,0.7401
2022-09-13,0.5568,0.1895,1.5056,0.4385
2022-09-14,1.3686,0.5568,0.1895,1.5056
2022-09-15,0.6127,1.3686,0.5568,0.1895
2022-09-16,0.4001,0.6127,1.3686,0.5568
2022-09-17,0.4849,0.4001,0.6127,1.3686
2022-09-18,0.7948,0.4849,0.4001,0.6127
2022-09-19,0.7998,0.7948,0.4849,0.4001
2022-09-20,0.3495,0.7998,0.7948,0.4849
2022-09-21,0.2352,0.3495,0.7998,0.7948
2022-09-22,0.4453,0.2352,0.3495,0.7998
2022-09-23,2.017,0.4453,0.2352,0.3495
2022-09-24,1.1852,2.017,0.4453,0.2352
2022-09-25,-0.8746,1.1852,2.017,0.4453
2022-09-26,-1.256,-0.8746,1.1852,2.017
2022-09-27,-0.1467,-1.256,-0.8746,1.1852
2022-09-28,2.149,-0.1467,-1.256,-0.8746
2022-09-29,0.7708,2.149,-0.1467,-1.256
2022-09-30,0.8634,0.7708,2.149,-0.1467
2022-10-01,-0.5349,0.8634,0.7708,2.149
2022-10-02,0.3638,-0.5349,0.8634,0.7708
2022-10-03,0.7379,0.3638,-0.5349,0.8634
2022-10-04,1.946,0.7379,0.3638,-0.5349
2022-10-05,-0.332,1.946,0.7379,0.3638
2022-10-06,0.9507,-0.332,1.946,0.7379
2022-10-07,-0.5931,0.9507,-0.332,1.946
2022-10-08,-0.0676,-0.5931,0.9507,-0.332
2022-10-09,0.1796,-0.0676,-0.5931,0.9507
2022-10-10,-0.1567,0.1796,-0.0676,-0.5931
2022-10-11,0.9143,-0.1567,0.1796,-0.0676
2022-10-12,-0.485,0.9143,-0.1567,0.1796
2022-10-13,-1.2161,-0.485,0.9143,-0.1567
2022-10-14,0.0218,-1.2161,-0.485,0.9143
2022-10-15,0.1423,0.0218,-1.2161,-0.485
2022-10-16,-0.2734,0.1423,0.0218,-1.2161
2022-10-17,1.282,-0.2734,0.1423,0.0218
2022-10-18,0.6063,1.282,-0.2734,0.1423
2022-10-19,0.2275,0.6063,1.282,-0.2734
2022-10-20,0.2996,0.2275,0.6063,1.282
2022-10-21,0.1772,0.2996,0.2275,0.6063
2022-10-22,0.3856,0.1772,0.2996,0.2275
2022-10-23,0.2626,0.3856,0.1772,0.2996
2022-10-24,0.5963,0.2626,0.3856,0.1772
2022-10-25,0.9011,0.5963,0.2626,0.3856
2022-10-26,0.8743,0.9011,0.5963,0.2626
2022-10-27,1.2466,0.8743,0.9011,0.5963
2022-10-28,0.8819,1.2466,0.8743,0.9011
2022-10-29,0.2046,0.8819,1.2466,0.8743
2022-10-30,1.2003,0.2046,0.8819,1.2466
2022-10-31,0.218,1.2003,0.2046,0.8819
2022-11-01,1.1254,0.218,1.2003,0.2046
2022-11-02,1.1493,1.1254,0.218,1.2003
2022-11-03,2.5922,1.1493,1.1254,0.218
2022-11-04,2.0832,2.5922,1.1493,1.1254
2022-11-05,0.3747,2.0832,2.5922,1.1493
2022-11-06,0.8689,0.3747,2.0832,2.5922
2022-11-07,-0.1242,0.8689,0.3747,2.0832
2022-11-08,-0.8459,-0.1242,0.8689,0.3747
2022-11-09,-1.8046,-0.8459,-0.1242,0.8689
2022-11-10,0.7581,-1.8046,-0.8459,-0.1242
2022-11-11,-2.6758,0.7581,-1.8046,-0.8459
2022-11-12,-2.0549,-2.6758,0.7581,-1.8046
2022-11-13,-2.4291,-2.0549,-2.6758,0.7581
2022-11-14,-1.4792,-2.4291,-2.0549,-2.6758
2022-11-15,-1.1806,-1.4792,-2.4291,-2.0549
2022-11-16,-1.1304,-1.1806,-1.4792,-2.4291
2022-11-17,-1.6461,-1.1304,-1.1806,-1.4792
2022-11-18,-1.4018,-1.6461,-1.1304,-1.1806
2022-11-19,-0.5975,-1.4018,-1.6461,-1.1304
2022-11-20,-1.2117,-0.5975,-1.4018,-1.6461
2022-11-21,-1.4984,-1.2117,-0.5975,-1.4018
2022-11-22,-1.3955,-1.4984,-1.2117,-0.5975
2022-11-23,1.1856,-1.3955,-1.4984,-1.2117
2022-11-24,1.1658,1.1856,-1.3955,-1.4984
2022-11-25,0.6379,1.1658,1.1856,-1.3955
2022-11-26,1.3088,0.6379,1.1658,1.1856
2022-11-27,1.9732,1.3088,0.6379,1.1658
2022-11-28,-0.7722,1.9732,1.3088,0.6379
2022-11-29,0.3461,-0.7722,1.9732,1.3088
2022-11-30,0.1158,0.3461,-0.7722,1.9732
2022-12-01,1.7797,0.1158,0.3461,-0.7722
2022-12-02,1.8644,1.7797,0.1158,0.3461
2022-12-03,2.5527,1.8644,1.7797,0.1158
2022-12-04,3.3668,2.5527,1.8644,1.7797
2022-12-05,0.4286,3.3668,2.5527,1.8644
2022-12-06,0.9893,0.4286,3.3668,2.5527
2022-12-07,0.9283,0.9893,0.4286,3.3668
2022-12-08,-0.1785,0.9283,0.9893,0.4286
2022-12-09,-0.0526,-0.1785,0.9283,0.9893
2022-12-10,1.3391,-0.0526,-0.1785,0.9283
2022-12-11,-0.6073,1.3391,-0.0526,-0.1785
2022-12-12,0.5582,-0.6073,1.3391,-0.0526
2022-12-13,-0.0028,0.5582,-0.6073,1.3391
2022-12-14,0.578,-0.0028,0.5582,-0.6073
2022-12-15,1.2959,0.578,-0.0028,0.5582
2022-12-16,-1.5571,1.2959,0.578,-0.0028
2022-12-17,-2.4226,-1.5571,1.2959,0.578
2022-12-18,-0.2598,-2.4226,-1.5571,1.2959
2022-12-19,0.8396,-0.2598,-2.4226,-1.5571
2022-12-20,2.4622,0.8396,-0.2598,-2.4226
2022-12-21,-0.4171,2.4622,0.8396,-0.2598
2022-12-22,-0.0696,-0.4171,2.4622,0.8396
2022-12-23,-0.2784,-0.0696,-0.4171,2.4622
2022-12-24,-0.1721,-0.2784,-0.0696,-0.4171
2022-12-25,-0.8865,-0.1721,-0.2784,-0.0696
2022-12-26,0.8559,-0.8865,-0.1721,-0.2784
2022-12-27,-0.1991,0.8559,-0.8865,-0.1721
2022-12-28,-1.0626,-0.1991,0.8559,-0.8865
2022-12-29,-0.8529,-1.0626,-0.1991,0.8559
2022-12-30,-1.1285,-0.8529,-1.0626,-0.1991
2022-12-31,-1.9662,-1.1285,-0.8529,-1.0626
2023-01-01,-0.2959,-1.9662,-1.1285,-0.8529
2023-01-02,-0.1033,-0.2959,-1.9662,-1.1285
2023-01-03,0.0321,-0.1033,-0.2959,-1.9662
2023-01-04,0.1722,0.0321,-0.1033,-0.2959
2023-01-05,0.1174,0.1722,0.0321,-0.1033
2023-01-06,-0.1061,0.1174,0.1722,0.0321
2023-01-07,-0.3191,-0.1061,0.1174,0.1722
2023-01-08,-1.2698,-0.3191,-0.1061,0.1174
2023-01-09,0.2394,-1.2698,-0.3191,-0.1061
2023-01-10,0.4423,0.2394,-1.2698,-0.3191
2023-01-11,0.4931,0.4423,0.2394,-1.2698
2023-01-12,0.3875,0.4931,0.4423,0.2394
2023-01-13,-0.3352,0.3875,0.4931,0.4423
2023-01-14,-0.4575,-0.3352,0.3875,0.4931
2023-01-15,-0.2621,-0.4575,-0.3352,0.3875
2023-01-16,-0.2222,-0.2621,-0.4575,-0.3352
2023-01-17,0.5381,-0.2222,-0.2621,-0.4575
2023-01-18,-0.1084,0.5381,-0.2222,-0.2621
2023-01-19,-0.1928,-0.1084,0.5381,-0.2222
2023-01-20,-1.1115,-0.1928,-0.1084,0.5381
2023-01-21,-0.1586,-1.1115,-0.1928,-0.1084
2023-01-22,0.5737,-0.1586,-1.1115,-0.1928
2023-01-23,0.6589,0.5737,-0.1586,-1.1115
2023-01-24,-0.3162,0.6589,0.5737,-0.1586
2023-01-25,-0.0997,-0.3162,0.6589,0.5737
2023-01-26,-2.2445,-0.0997,-0.3162,0.6589
2023-01-27,0.7154,-2.2445,-0.0997,-0.3162
2023-01-28,0.4673,0.7154,-2.2445,-0.0997
2023-01-29,0.5786,0.4673,0.7154,-2.2445
2023-01-30,0.1216,0.5786,0.4673,0.7154
2023-01-31,0.7037,0.1216,0.5786,0.4673
2023-02-01,0.8166,0.7037,0.1216,0.5786
2023-02-02,0.4286,0.8166,0.7037,0.1216
2023-02-03,0.7777,0.4286,0.8166,0.7037
2023-02-04,0.2238,0.7777,0.4286,0.8166
2023-02-05,0.704,0.2238,0.7777,0.4286
2023-02-06,-2.8274,0.704,0.2238,0.7777
2023-02-07,-1.8544,-2.8274,0.704,0.2238
2023-02-08,0.5567,-1.8544,-2.8274,0.704
2023-02-09,-0.0318,0.5567,-1.8544,-2.8274
2023-02-10,-0.3184,-0.0318,0.5567,-1.8544
2023-02-11,1.5927,-0.3184,-0.0318,0.5567
2023-02-12,0.5997,1.5927,-0.3184,-0.0318
2023-02-13,0.3654,0.5997,1.5927,-0.3184
2023-02-14,-0.2051,0.3654,0.5997,1.5927
2023-02-15,-0.1602,-0.2051,0.3654,0.5997
2023-02-16,0.0838,-0.1602,-0.2051,0.3654
2023-02-17,0.1071,0.0838,-0.1602,-0.2051
2023-02-18,-1.9961,0.1071,0.0838,-0.1602
2023-02-19,0.757,-1.9961,0.1071,0.0838
2023-02-20,0.7866,0.757,-1.9961,0.1071
2023-02-21,0.2109,0.7866,0.757,-1.9961
2023-02-22,1.079,0.2109,0.7866,0.757
2023-02-23,0.7518,1.079,0.2109,0.7866
2023-02-24,0.2782,0.7518,1.079,0.2109
2023-02-25,0.2039,0.2782,0.7518,1.079
2023-02-26,0.0479,0.2039,0.2782,0.7518
2023-02-27,-0.1156,0.0479,0.2039,0.2782
2023-02-28,-0.4586,-0.1156,0.0479,0.2039
2023-03-01,0.961,-0.4586,-0.1156,0.0479
2023-03-02,1.479,0.961,-0.4586,-0.1156
2023-03-03,0.1361,1.479,0.961,-0.4586
2023-03-04,-1.572,0.1361,1.479,0.961
2023-03-05,0.5112,-1.572,0.1361,1.479
2023-03-06,-0.4199,0.5112,-1.572,0.1361
2023-03-07,-0.1636,-0.4199,0.5112,-1.572
2023-03-08,0.6304,-0.1636,-0.4199,0.5112
2023-03-09,-0.0337,0.6304,-0.1636,-0.4199
2023-03-10,0.1292,-0.0337,0.6304,-0.1636
2023-03-11,-0.5227,0.1292,-0.0337,0.6304
2023-03-12,-0.7386,-0.5227,0.1292,-0.0337
2023-03-13,0.8505,-0.7386,-0.5227,0.1292
2023-03-14,0.1711,0.8505,-0.7386,-0.5227
2023-03-15,0.5936,0.1711,0.8505,-0.7386
2023-03-16,-0.5309,0.5936,0.1711,0.8505
2023-03-17,-1.5209,-0.5309,0.5936,0.1711
2023-03-18,-0.0847,-1.5209,-0.5309,0.5936
2023-03-19,-1.3176,-0.0847,-1.5209,-0.5309
2023-03-20,-0.8997,-1.3176,-0.0847,-1.5209
2023-03-21,0.9142,-0.8997,-1.3176,-0.0847
2023-03-22,1.0355,0.9142,-0.8997,-1.3176
2023-03-24,-0.5046,1.0355,0.9142,-0.8997
2023-03-25,0.3532,-0.5046,1.0355,0.9142
2023-03-26,0.3073,0.3532,-0.5046,1.0355
2023-03-27,0.5121,0.3073,0.3532,-0.5046
2023-03-28,0.1091,0.5121,0.3073,0.3532
2023-03-29,1.2342,0.1091,0.5121,0.3073
2023-03-30,1.7361,1.2342,0.1091,0.5121
2023-03-31,0.1051,1.7361,1.2342,0.1091
2023-04-01,0.3387,0.1051,1.7361,1.2342
2023-04-02,0.9637,0.3387,0.1051,1.7361
2023-04-03,-0.7075,0.9637,0.3387,0.1051
2023-04-04,-0.1143,-0.7075,0.9637,0.3387
2023-04-05,-0.2483,-0.1143,-0.7075,0.9637
2023-04-06,1.0692,-0.2483,-0.1143,-0.7075
2023-04-07,2.399,1.0692,-0.2483,-0.1143
2023-04-08,1.3309,2.399,1.0692,-0.2483
2023-04-09,1.3576,1.3309,2.399,1.0692
2023-04-10,1.6949,1.3576,1.3309,2.399
2023-04-11,-0.0815,1.6949,1.3576,1.3309
2023-04-12,0.0594,-0.0815,1.6949,1.3576
2023-04-13,-0.2565,0.0594,-0.0815,1.6949
2023-04-14,0.4874,-0.2565,0.0594,-0.0815
2023-04-15,1.5977,0.4874,-0.2565,0.0594
2023-04-16,0.1107,1.5977,0.4874,-0.2565
2023-04-17,-0.3939,0.1107,1.5977,0.4874
2023-04-18,0.4351,-0.3939,0.1107,1.5977
2023-04-19,0.0482,0.4351,-0.3939,0.1107
2023-04-20,0.6406,0.0482,0.4351,-0.3939
2023-04-21,0.0357,0.6406,0.0482,0.4351
2023-04-22,-0.1717,0.0357,0.6406,0.0482
2023-04-23,0.8279,-0.1717,0.0357,0.6406
2023-04-24,-0.2126,0.8279,-0.1717,0.0357
2023-04-25,2.0206,-0.2126,0.8279,-0.1717
2023-04-26,1.6965,2.0206,-0.2126,0.8279
2023-04-27,-0.1235,1.6965,2.0206,-0.2126
2023-04-28,0.9622,-0.1235,1.6965,2.0206
2023-04-29,1.3653,0.9622,-0.1235,1.6965
2023-04-30,-0.7984,1.3653,0.9622,-0.1235
2023-05-01,0.441,-0.7984,1.3653,0.9622
2023-05-02,0.7478,0.441,-0.7984,1.3653
2023-05-03,0.4518,0.7478,0.441,-0.7984
2023-05-04,1.404,0.4518,0.7478,0.441
2023-05-05,0.0408,1.404,0.4518,0.7478
2023-05-06,0.1776,0.0408,1.404,0.4518
2023-05-07,-0.1962,0.1776,0.0408,1.404
2023-05-08,0.1433,-0.1962,0.1776,0.0408
2023-05-09,1.1931,0.1433,-0.1962,0.1776
2023-05-10,1.189,1.1931,0.1433,-0.1962
2023-05-11,-0.5792,1.189,1.1931,0.1433
2023-05-12,1.253,-0.5792,1.189,1.1931
2023-05-13,1.776,1.253,-0.5792,1.189
2023-05-14,0.7311,1.776,1.253,-0.5792
2023-05-15,1.0034,0.7311,1.776,1.253
2023-05-16,0.6895,1.0034,0.7311,1.776
2023-05-17,0.3253,0.6895,1.0034,0.7311
2023-05-18,0.6624,0.3253,0.6895,1.0034
2023-05-19,2.8737,0.6624,0.3253,0.6895
2023-05-20,1.5947,2.8737,0.6624,0.3253
2023-05-21,0.1859,1.5947,2.8737,0.6624
2023-05-22,0.8603,0.1859,1.5947,2.8737
2023-05-23,0.3608,0.8603,0.1859,1.5947
2023-05-24,1.0121,0.3608,0.8603,0.1859
2023-05-25,0.5799,1.0121,0.3608,0.8603
2023-05-26,-0.9394,0.5799,1.0121,0.3608
2023-05-27,1.1904,-0.9394,0.5799,1.0121
2023-05-28,0.1327,1.1904,-0.9394,0.5799
2023-05-29,1.4244,0.1327,1.1904,-0.9394
2023-05-30,0.0994,1.4244,0.1327,1.1904
2023-05-31,0.6173,0.0994,1.4244,0.1327
2023-06-01,-0.5663,0.6173,0.0994,1.4244
2023-06-02,0.9768,-0.5663,0.6173,0.0994
2023-06-03,2.6396,0.9768,-0.5663,0.6173
2023-06-04,1.4417,2.6396,0.9768,-0.5663
2023-06-05,-1.1202,1.4417,2.6396,0.9768
2023-06-06,-1.5751,-1.1202,1.4417,2.6396
2023-06-07,-1.0912,-1.5751,-1.1202,1.4417
2023-06-08,-0.6013,-1.0912,-1.5751,-1.1202
2023-06-09,-0.0094,-0.6013,-1.0912,-1.5751
2023-06-10,-1.7034,-0.0094,-0.6013,-1.0912
2023-06-11,-1.5282,-1.7034,-0.0094,-0.6013
2023-06-12,-1.3201,-1.5282,-1.7034,-0.0094
2023-06-13,-0.5372,-1.3201,-1.5282,-1.7034
2023-06-14,0.487,-0.5372,-1.3201,-1.5282
2023-06-15,0.6865,0.487,-0.5372,-1.3201
2023-06-16,0.0144,0.6865,0.487,-0.5372
2023-06-17,0.9372,0.0144,0.6865,0.487
2023-06-18,1.6206,0.9372,0.0144,0.6865
2023-06-19,0.3651,1.6206,0.9372,0.0144
2023-06-20,0.5163,0.3651,1.6206,0.9372
2023-06-21,0.1071,0.5163,0.3651,1.6206
2023-06-22,1.0872,0.1071,0.5163,0.3651
2023-06-23,0.6656,1.0872,0.1071,0.5163
2023-06-24,1.6028,0.6656,1.0872,0.1071
2023-06-25,-0.6205,1.6028,0.6656,1.0872
2023-06-26,3.6111,-0.6205,1.6028,0.6656
2023-06-27,-0.6479,3.6111,-0.6205,1.6028
2023-06-28,1.4771,-0.6479,3.6111,-0.6205
2023-06-29,0.3295,1.4771,-0.6479,3.6111
2023-06-30,1.0976,0.3295,1.4771,-0.6479
2023-07-01,0.203,1.0976,0.3295,1.4771
2023-07-02,0.7932,0.203,1.0976,0.3295
2023-07-03,1.325,0.7932,0.203,1.0976
2023-07-04,0.8363,1.325,0.7932,0.203
2023-07-05,1.7755,0.8363,1.325,0.7932
2023-07-06,0.7811,1.7755,0.8363,1.325
2023-07-07,-0.2174,0.7811,1.7755,0.8363
2023-07-08,0.4352,-0.2174,0.7811,1.7755
2023-07-09,0.2969,0.4352,-0.2174,0.7811
2023-07-10,-0.1132,0.2969,0.4352,-0.2174
2023-07-11,-0.939,-0.1132,0.2969,0.4352
2023-07-12,-2.1282,-0.939,-0.1132,0.2969
2023-07-13,0.3478,-2.1282,-0.939,-0.1132
2023-07-14,-0.0997,0.3478,-2.1282,-0.939
2023-07-15,-0.165,-0.0997,0.3478,-2.1282
2023-07-16,-0.2567,-0.165,-0.0997,0.3478
2023-07-17,0.3863,-0.2567,-0.165,-0.0997
2023-07-18,-0.1601,0.3863,-0.2567,-0.165
2023-07-19,1.6312,-0.1601,0.3863,-0.2567
2023-07-20,1.6809,1.6312,-0.1601,0.3863
2023-07-21,0.8088,1.6809,1.6312,-0.1601
2023-07-22,1.0016,0.8088,1.6809,1.6312
2023-07-23,1.7331,1.0016,0.8088,1.6809
2023-07-24,0.4001,1.7331,1.0016,0.8088
2023-07-25,0.6028,0.4001,1.7331,1.0016
2023-07-26,0.4634,0.6028,0.4001,1.7331
2023-07-27,0.1943,0.4634,0.6028,0.4001
2023-07-28,-0.0634,0.1943,0.4634,0.6028
2023-07-29,0.5737,-0.0634,0.1943,0.4634
2023-07-30,-0.1975,0.5737,-0.0634,0.1943
2023-07-31,0.0759,-0.1975,0.5737,-0.0634
2023-08-01,1.5946,0.0759,-0.1975,0.5737
2023-08-02,1.1093,1.5946,0.0759,-0.1975
2023-08-03,1.2372,1.1093,1.5946,0.0759
2023-08-04,-0.1034,1.2372,1.1093,1.5946
2023-08-05,0.5032,-0.1034,1.2372,1.1093
2023-08-06,1.6245,0.5032,-0.1034,1.2372
2023-08-07,0.4474,1.6245,0.5032,-0.1034
2023-08-08,-0.604,0.4474,1.6245,0.5032
2023-08-09,-0.1917,-0.604,0.4474,1.6245
2023-08-10,0.944,-0.1917,-0.604,0.4474
2023-08-11,0.5502,0.944,-0.1917,-0.604
2023-08-12,1.2133,0.5502,0.944,-0.1917
2023-08-13,1.1222,1.2133,0.5502,0.944
2023-08-14,0.9552,1.1222,1.2133,0.5502
2023-08-15,1.487,0.9552,1.1222,1.2133
2023-08-16,0.5514,1.487,0.9552,1.1222
2023-08-17,-0.8219,0.5514,1.487,0.9552
2023-08-18,-1.071,-0.8219,0.5514,1.487
2023-08-19,1.8949,-1.071,-0.8219,0.5514
2023-08-20,-0.7345,1.8949,-1.071,-0.8219
2023-08-21,0.7239,-0.7345,1.8949,-1.071
2023-08-22,0.7435,0.7239,-0.7345,1.8949
2023-08-23,0.1512,0.7435,0.7239,-0.7345
2023-08-24,-0.0322,0.1512,0.7435,0.7239
2023-08-25,0.9469,-0.0322,0.1512,0.7435
2023-08-26,0.2895,0.9469,-0.0322,0.1512
2023-08-27,1.277,0.2895,0.9469,-0.0322
2023-08-28,0.1582,1.277,0.2895,0.9469
2023-08-29,1.0789,0.1582,1.277,0.2895
2023-08-30,0.7028,1.0789,0.1582,1.277
2023-08-31,1.91,0.7028,1.0789,0.1582
2023-09-01,-0.0189,1.91,0.7028,1.0789
2023-09-02,-1.3459,-0.0189,1.91,0.7028
2023-09-03,0.1157,-1.3459,-0.0189,1.91
2023-09-04,0.3592,0.1157,-1.3459,-0.0189
2023-09-05,-0.2964,0.3592,0.1157,-1.3459
2023-09-06,0.631,-0.2964,0.3592,0.1157
2023-09-07,-0.5594,0.631,-0.2964,0.3592
2023-09-08,0.6373,-0.5594,0.631,-0.2964
2023-09-09,-0.1624,0.6373,-0.5594,0.631
2023-09-10,0.2177,-0.1624,0.6373,-0.5594
2023-09-11,-1.3251,0.2177,-0.1624,0.6373
2023-09-12,-0.3403,-1.3251,0.2177,-0.1624
2023-09-13,-2.6938,-0.3403,-1.3251,0.2177
2023-09-14,0.9228,-2.6938,-0.3403,-1.3251
2023-09-15,0.4475,0.9228,-2.6938,-0.3403
2023-09-16,0.6294,0.4475,0.9228,-2.6938
2023-09-17,1.407,0.6294,0.4475,0.9228
2023-09-18,1.6722,1.407,0.6294,0.4475
2023-09-19,1.3012,1.6722,1.407,0.6294
2023-09-20,0.7146,1.3012,1.6722,1.407
2023-09-21,0.4623,0.7146,1.3012,1.6722
2023-09-22,1.7184,0.4623,0.7146,1.3012
2023-09-23,0.1497,1.7184,0.4623,0.7146
2023-09-24,0.69,0.1497,1.7184,0.4623
2023-09-25,-0.0707,0.69,0.1497,1.7184
2023-09-26,0.579,-0.0707,0.69,0.1497
2023-09-27,-0.9808,0.579,-0.0707,0.69
2023-09-28,1.1358,-0.9808,0.579,-0.0707
2023-09-29,1.7207,1.1358,-0.9808,0.579
2023-09-30,1.5801,1.7207,1.1358,-0.9808
2023-10-01,1.1353,1.5801,1.7207,1.1358
2023-10-02,0.8513,1.1353,1.5801,1.7207
2023-10-03,-0.6493,0.8513,1.1353,1.5801
2023-10-04,1.0542,-0.6493,0.8513,1.1353
2023-10-05,1.0573,1.0542,-0.6493,0.8513
2023-10-06,-0.2467,1.0573,1.0542,-0.6493
2023-10-07,1.3118,-0.2467,1.0573,1.0542
2023-10-08,1.0847,1.3118,-0.2467,1.0573
2023-10-09,-0.8029,1.0847,1.3118,-0.2467
2023-10-10,-0.1794,-0.8029,1.0847,1.3118
2023-10-11,1.0641,-0.1794,-0.8029,1.0847
2023-10-12,-0.0479,1.0641,-0.1794,-0.8029
2023-10-13,0.1835,-0.0479,1.0641,-0.1794
2023-10-14,0.1427,0.1835,-0.0479,1.0641
2023-10-15,1.1241,0.1427,0.1835,-0.0479
2023-10-16,0.6968,1.1241,0.1427,0.1835
2023-10-17,0.0684,0.6968,1.1241,0.1427
2023-10-18,0.8715,0.0684,0.6968,1.1241
2023-10-19,0.352,0.8715,0.0684,0.6968
2023-10-20,1.0161,0.352,0.8715,0.0684
2023-10-21,0.2153,1.0161,0.352,0.8715
2023-10-22,-0.5754,0.2153,1.0161,0.352
2023-10-23,0.2176,-0.5754,0.2153,1.0161
2023-10-24,0.9131,0.2176,-0.5754,0.2153
2023-10-25,0.333,0.9131,0.2176,-0.5754
2023-10-26,1.4748,0.333,0.9131,0.2176
2023-10-27,1.0704,1.4748,0.333,0.9131
2023-10-28,0.3602,1.0704,1.4748,0.333
2023-10-29,2.5288,0.3602,1.0704,1.4748
2023-10-30,1.4676,2.5288,0.3602,1.0704
2023-10-31,1.6796,1.4676,2.5288,0.3602
2023-11-01,0.6793,1.6796,1.4676,2.5288
2023-11-02,-0.0555,0.6793,1.6796,1.4676
2023-11-03,-1.2848,-0.0555,0.6793,1.6796
2023-11-04,1.1233,-1.2848,-0.0555,0.6793
2023-11-05,1.8548,1.1233,-1.2848,-0.0555
2023-11-06,0.4239,1.8548,1.1233,-1.2848
2023-11-07,-0.6281,0.4239,1.8548,1.1233
2023-11-08,0.4561,-0.6281,0.4239,1.8548
2023-11-09,1.4069,0.4561,-0.6281,0.4239
2023-11-10,1.28,1.4069,0.4561,-0.6281
2023-11-11,0.2962,1.28,1.4069,0.4561
2023-11-12,0.7868,0.2962,1.28,1.4069
2023-11-13,0.8876,0.7868,0.2962,1.28
2023-11-14,-0.2724,0.8876,0.7868,0.2962
2023-11-15,1.8265,-0.2724,0.8876,0.7868
2023-11-16,0.4853,1.8265,-0.2724,0.8876
2023-11-17,1.4302,0.4853,1.8265,-0.2724
2023-11-18,1.1349,1.4302,0.4853,1.8265
2023-11-19,0.2761,1.1349,1.4302,0.4853
2023-11-20,-0.3907,0.2761,1.1349,1.4302
2023-11-21,-0.0291,-0.3907,0.2761,1.1349
2023-11-22,0.9251,-0.0291,-0.3907,0.2761
2023-11-23,0.7077,0.9251,-0.0291,-0.3907
2023-11-24,0.8151,0.7077,0.9251,-0.0291
2023-11-25,0.2416,0.8151,0.7077,0.9251
2023-11-26,1.8794,0.2416,0.8151,0.7077
2023-11-27,-0.3639,1.8794,0.2416,0.8151
2023-11-28,1.0465,-0.3639,1.8794,0.2416
2023-11-29,1.595,1.0465,-0.3639,1.8794
2023-11-30,1.0851,1.595,1.0465,-0.3639
2023-12-01,1.43,1.0851,1.595,1.0465
2023-12-02,1.7857,1.43,1.0851,1.595
2023-12-03,1.2741,1.7857,1.43,1.0851
2023-12-04,-1.0881,1.2741,1.7857,1.43
2023-12-05,3.0431,-1.0881,1.2741,1.7857
2023-12-06,0.9823,3.0431,-1.0881,1.2741
2023-12-07,2.1343,0.9823,3.0431,-1.0881
2023-12-08,1.1005,2.1343,0.9823,3.0431
2023-12-09,1.328,1.1005,2.1343,0.9823
2023-12-10,2.3717,1.328,1.1005,2.1343
2023-12-11,1.1158,2.3717,1.328,1.1005
2023-12-12,0.6422,1.1158,2.3717,1.328
2023-12-13,0.9107,0.6422,1.1158,2.3717
2023-12-14,0.5063,0.9107,0.6422,1.1158
2023-12-15,1.2462,0.5063,0.9107,0.6422
2023-12-16,0.9453,1.2462,0.5063,0.9107
2023-12-17,-0.4,0.9453,1.2462,0.5063
2023-12-18,0.6877,-0.4,0.9453,1.2462
2023-12-19,0.521,0.6877,-0.4,0.9453
2023-12-20,1.0771,0.521,0.6877,-0.4
2023-12-21,0.6553,1.0771,0.521,0.6877
2023-12-22,0.4272,0.6553,1.0771,0.521
2023-12-23,0.7394,0.4272,0.6553,1.0771
2023-12-24,-0.0388,0.7394,0.4272,0.6553
2023-12-25,1.202,-0.0388,0.7394,0.4272
2023-12-26,0.9353,1.202,-0.0388,0.7394
2023-12-27,-0.1234,0.9353,1.202,-0.0388
2023-12-28,1.2612,-0.1234,0.9353,1.202
2023-12-29,0.5699,1.2612,-0.1234,0.9353
2023-12-30,-0.4279,0.5699,1.2612,-0.1234
2023-12-31,0.3369,-0.4279,0.5699,1.2612
2024-01-01,1.42,0.3369,-0.4279,0.5699
2024-01-02,0.7001,1.42,0.3369,-0.4279
2024-01-03,0.8324,0.7001,1.42,0.3369
2024-01-04,0.0967,0.8324,0.7001,1.42
2024-01-05,0.2529,0.0967,0.8324,0.7001
2024-01-06,0.9403,0.2529,0.0967,0.8324
2024-01-07,0.7066,0.9403,0.2529,0.0967
2024-01-08,0.6173,0.7066,0.9403,0.2529
2024-01-09,1.0041,0.6173,0.7066,0.9403
2024-01-10,0.7112,1.0041,0.6173,0.7066
2024-01-11,-0.0237,0.7112,1.0041,0.6173
2024-01-12,-0.0093,-0.0237,0.7112,1.0041
2024-01-13,1.3804,-0.0093,-0.0237,0.7112
2024-01-14,-1.2153,1.3804,-0.0093,-0.0237
2024-01-15,0.459,-1.2153,1.3804,-0.0093
2024-01-16,1.54,0.459,-1.2153,1.3804
2024-01-17,0.5343,1.54,0.459,-1.2153
2024-01-18,1.2312,0.5343,1.54,0.459
2024-01-19,0.9591,1.2312,0.5343,1.54
2024-01-20,0.9087,0.9591,1.2312,0.5343
2024-01-21,1.7032,0.9087,0.9591,1.2312
2024-01-22,0.3888,1.7032,0.9087,0.9591
2024-01-23,0.3532,0.3888,1.7032,0.9087
2024-01-24,2.482,0.3532,0.3888,1.7032
2024-01-25,1.1928,2.482,0.3532,0.3888
2024-01-26,2.2965,1.1928,2.482,0.3532
2024-01-27,1.3972,2.2965,1.1928,2.482
2024-01-28,1.1137,1.3972,2.2965,1.1928
2024-01-29,1.023,1.1137,1.3972,2.2965
2024-01-30,1.107,1.023,1.1137,1.3972
2024-01-31,0.9933,1.107,1.023,1.1137
2024-02-01,-0.0722,0.9933,1.107,1.023
2024-02-02,1.4288,-0.0722,0.9933,1.107
2024-02-03,0.6095,1.4288,-0.0722,0.9933
2024-02-04,1.5931,0.6095,1.4288,-0.0722
2024-02-05,4.5881,1.5931,0.6095,1.4288
2024-02-06,-1.227,4.5881,1.5931,0.6095
2024-02-07,1.1578,-1.227,4.5881,1.5931
2024-02-08,0.9137,1.1578,-1.227,4.5881
2024-02-09,0.1752,0.9137,1.1578,-1.227
2024-02-10,0.0853,0.1752,0.9137,1.1578
2024-02-11,1.4842,0.0853,0.1752,0.9137
2024-02-12,1.7786,1.4842,0.0853,0.1752
2024-02-13,0.9524,1.7786,1.4842,0.0853
2024-02-14,0.6302,0.9524,1.7786,1.4842
2024-02-15,1.7217,0.6302,0.9524,1.7786
2024-02-16,0.9762,1.7217,0.6302,0.9524
2024-02-17,1.3464,0.9762,1.7217,0.6302
2024-02-18,1.2944,1.3464,0.9762,1.7217
2024-02-19,0.1683,1.2944,1.3464,0.9762
2024-02-20,2.1595,0.1683,1.2944,1.3464
2024-02-21,0.9315,2.1595,0.1683,1.2944
2024-02-22,2.4562,0.9315,2.1595,0.1683
2024-02-23,-0.1773,2.4562,0.9315,2.1595
2024-02-24,0.2252,-0.1773,2.4562,0.9315
2024-02-25,1.7146,0.2252,-0.1773,2.4562
2024-02-26,1.3849,1.7146,0.2252,-0.1773
2024-02-27,1.3013,1.3849,1.7146,0.2252
2024-02-28,1.277,1.3013,1.3849,1.7146
2024-02-29,1.1901,1.277,1.3013,1.3849
2024-03-01,1.0272,1.1901,1.277,1.3013
2024-03-02,1.8229,1.0272,1.1901,1.277
2024-03-03,1.3043,1.8229,1.0272,1.1901
2024-03-04,1.8629,1.3043,1.8229,1.0272
2024-03-05,1.2931,1.8629,1.3043,1.8229
2024-03-06,0.354,1.2931,1.8629,1.3043
2024-03-07,1.3665,0.354,1.2931,1.8629
2024-03-08,2.1145,1.3665,0.354,1.2931
2024-03-09,0.9758,2.1145,1.3665,0.354
2024-03-10,1.5998,0.9758,2.1145,1.3665
2024-03-11,1.1481,1.5998,0.9758,2.1145
2024-03-12,2.0669,1.1481,1.5998,0.9758
2024-03-13,1.1352,2.0669,1.1481,1.5998
2024-03-14,2.8537,1.1352,2.0669,1.1481
2024-03-15,0.9763,2.8537,1.1352,2.0669
2024-03-16,0.8018,0.9763,2.8537,1.1352
2024-03-17,1.2966,0.8018,0.9763,2.8537
2024-03-18,-0.2006,1.2966,0.8018,0.9763
2024-03-19,-0.4429,-0.2006,1.2966,0.8018
2024-03-20,-0.2632,-0.4429,-0.2006,1.2966
2024-03-21,1.5807,-0.2632,-0.4429,-0.2006
2024-03-22,1.2609,1.5807,-0.2632,-0.4429
2024-03-23,1.3868,1.2609,1.5807,-0.2632
2024-03-24,-0.4283,1.3868,1.2609,1.5807
2024-03-25,0.2525,-0.4283,1.3868,1.2609
2024-03-26,1.8215,0.2525,-0.4283,1.3868
2024-03-27,0.3562,1.8215,0.2525,-0.4283
2024-03-28,0.7224,0.3562,1.8215,0.2525
2024-03-29,0.585,0.7224,0.3562,1.8215
2024-03-30,0.5687,0.585,0.7224,0.3562
2024-03-31,2.8019,0.5687,0.585,0.7224
2024-04-01,0.5913,2.8019,0.5687,0.585
2024-04-02,2.5424,0.5913,2.8019,0.5687
2024-04-03,1.6853,2.5424,0.5913,2.8019
2024-04-04,0.2293,1.6853,2.5424,0.5913
2024-04-05,0.082,0.2293,1.6853,2.5424
2024-04-06,0.7044,0.082,0.2293,1.6853
2024-04-07,0.4916,0.7044,0.082,0.2293
2024-04-08,0.6628,0.4916,0.7044,0.082
2024-04-09,0.5104,0.6628,0.4916,0.7044
2024-04-10,1.4281,0.5104,0.6628,0.4916
2024-04-11,0.6707,1.4281,0.5104,0.6628
2024-04-12,0.3875,0.6707,1.4281,0.5104
2024-04-13,-0.2398,0.3875,0.6707,1.4281
2024-04-14,1.0817,-0.2398,0.3875,0.6707
2024-04-15,1.2244,1.0817,-0.2398,0.3875
2024-04-16,0.1837,1.2244,1.0817,-0.2398
2024-04-17,0.4289,0.1837,1.2244,1.0817
2024-04-18,0.5093,0.4289,0.1837,1.2244
2024-04-19,-0.4913,0.5093,0.4289,0.1837
2024-04-20,1.8836,-0.4913,0.5093,0.4289
2024-04-21,1.7879,1.8836,-0.4913,0.5093
2024-04-22,0.5057,1.7879,1.8836,-0.4913
2024-04-23,0.9177,0.5057,1.7879,1.8836
2024-04-24,1.0575,0.9177,0.5057,1.7879
2024-04-25,0.5606,1.0575,0.9177,0.5057
2024-04-26,0.9569,0.5606,1.0575,0.9177
2024-04-27,1.2245,0.9569,0.5606,1.0575
2024-04-28,1.6049,1.2245,0.9569,0.5606
2024-04-29,0.0203,1.6049,1.2245,0.9569
2024-04-30,0.3799,0.0203,1.6049,1.2245
2024-05-01,0.9922,0.3799,0.0203,1.6049
2024-05-02,1.4275,0.9922,0.3799,0.0203
2024-05-03,0.8679,1.4275,0.9922,0.3799
2024-05-04,0.7151,0.8679,1.4275,0.9922
2024-05-05,0.045,0.7151,0.8679,1.4275
2024-05-06,0.8922,0.045,0.7151,0.8679
2024-05-07,0.7058,0.8922,0.045,0.7151
2024-05-08,0.7662,0.7058,0.8922,0.045
2024-05-09,0.9449,0.7662,0.7058,0.8922
2024-05-10,0.5476,0.9449,0.7662,0.7058
2024-05-11,1.3844,0.5476,0.9449,0.7662
2024-05-12,0.4293,1.3844,0.5476,0.9449
2024-05-13,1.392,0.4293,1.3844,0.5476
2024-05-14,0.415,1.392,0.4293,1.3844
2024-05-15,0.843,0.415,1.392,0.4293
2024-05-16,1.3912,0.843,0.415,1.392
2024-05-17,0.7571,1.3912,0.843,0.415
2024-05-18,1.2441,0.7571,1.3912,0.843
2024-05-19,0.2038,1.2441,0.7571,1.3912
2024-05-20,0.2739,0.2038,1.2441,0.7571
2024-05-21,0.5516,0.2739,0.2038,1.2441
2024-05-22,1.0309,0.5516,0.2739,0.2038
2024-05-23,0.8346,1.0309,0.5516,0.2739
2024-05-24,0.6342,0.8346,1.0309,0.5516
2024-05-25,0.5272,0.6342,0.8346,1.0309
2024-05-26,0.8997,0.5272,0.6342,0.8346
2024-05-27,0.4423,0.8997,0.5272,0.6342
2024-05-28,0.9529,0.4423,0.8997,0.5272
2024-05-29,1.0392,0.9529,0.4423,0.8997
2024-05-30,1.0702,1.0392,0.9529,0.4423
2024-05-31,1.1509,1.0702,1.0392,0.9529
2024-06-01,0.7521,1.1509,1.0702,1.0392
2024-06-02,1.9612,0.7521,1.1509,1.0702
2024-06-03,1.4628,1.9612,0.7521,1.1509
2024-06-04,0.4217,1.4628,1.9612,0.7521
2024-06-05,1.8274,0.4217,1.4628,1.9612
2024-06-06,1.1477,1.8274,0.4217,1.4628
2024-06-07,0.8063,1.1477,1.8274,0.4217
2024-06-08,0.4499,0.8063,1.1477,1.8274
2024-06-09,0.4921,0.4499,0.8063,1.1477
2024-06-10,1.015,0.4921,0.4499,0.8063
2024-06-11,0.2456,1.015,0.4921,0.4499
2024-06-12,1.7723,0.2456,1.015,0.4921
2024-06-13,0.903,1.7723,0.2456,1.015
2024-06-14,-0.0115,0.903,1.7723,0.2456
2024-06-15,1.206,-0.0115,0.903,1.7723
2024-06-16,0.5209,1.206,-0.0115,0.903
2024-06-17,1.0058,0.5209,1.206,-0.0115
2024-06-18,0.4212,1.0058,0.5209,1.206
2024-06-19,0.8653,0.4212,1.0058,0.5209
2024-06-20,0.4668,0.8653,0.4212,1.0058
2024-06-21,0.8612,0.4668,0.8653,0.4212
2024-06-22,0.5398,0.8612,0.4668,0.8653
2024-06-23,0.4846,0.5398,0.8612,0.4668
2024-06-24,0.1583,0.4846,0.5398,0.8612
2024-06-25,0.1446,0.1583,0.4846,0.5398
2024-06-26,0.8961,0.1446,0.1583,0.4846
2024-06-27,0.4985,0.8961,0.1446,0.1583
2024-06-28,1.0935,0.4985,0.8961,0.1446
2024-06-29,-0.6381,1.0935,0.4985,0.8961
2024-06-30,1.6314,-0.6381,1.0935,0.4985
2024-07-01,2.5961,1.6314,-0.6381,1.0935
2024-07-02,1.1953,2.5961,1.6314,-0.6381
2024-07-03,0.6642,1.1953,2.5961,1.6314
2024-07-04,0.4396,0.6642,1.1953,2.5961
2024-07-05,-0.5198,0.4396,0.6642,1.1953
2024-07-06,-0.0017,-0.5198,0.4396,0.6642
2024-07-07,0.0824,-0.0017,-0.5198,0.4396
2024-07-08,0.1594,0.0824,-0.0017,-0.5198
2024-07-09,1.7325,0.1594,0.0824,-0.0017
2024-07-10,1.5775,1.7325,0.1594,0.0824
2024-07-11,1.8266,1.5775,1.7325,0.1594
2024-07-12,0.9236,1.8266,1.5775,1.7325
2024-07-13,0.6416,0.9236,1.8266,1.5775
2024-07-14,0.526,0.6416,0.9236,1.8266
2024-07-15,-0.0018,0.526,0.6416,0.9236
2024-07-16,1.3671,-0.0018,0.526,0.6416
2024-07-17,0.8343,1.3671,-0.0018,0.526
2024-07-18,1.6174,0.8343,1.3671,-0.0018
2024-07-19,0.9683,1.6174,0.8343,1.3671
2024-07-20,1.3878,0.9683,1.6174,0.8343
2024-07-21,0.9109,1.3878,0.9683,1.6174
2024-07-22,1.1915,0.9109,1.3878,0.9683
2024-07-23,1.4759,1.1915,0.9109,1.3878
2024-07-24,1.8811,1.4759,1.1915,0.9109
2024-07-25,1.1483,1.8811,1.4759,1.1915
2024-07-26,1.8134,1.1483,1.8811,1.4759
2024-07-27,1.7934,1.8134,1.1483,1.8811
2024-07-28,1.5379,1.7934,1.8134,1.1483
2024-07-29,0.9659,1.5379,1.7934,1.8134
2024-07-30,2.7841,0.9659,1.5379,1.7934
2024-07-31,0.9952,2.7841,0.9659,1.5379
2024-08-01,2.146,0.9952,2.7841,0.9659
2024-08-02,1.9738,2.146,0.9952,2.7841
2024-08-03,0.7916,1.9738,2.146,0.9952
2024-08-04,-0.0572,0.7916,1.9738,2.146
2024-08-05,-0.2307,-0.0572,0.7916,1.9738
2024-08-06,0.4438,-0.2307,-0.0572,0.7916
2024-08-07,0.2191,0.4438,-0.2307,-0.0572
2024-08-08,1.4988,0.2191,0.4438,-0.2307
2024-08-09,1.2604,1.4988,0.2191,0.4438
2024-08-10,0.9288,1.2604,1.4988,0.2191
2024-08-11,2.3312,0.9288,1.2604,1.4988
2024-08-12,1.6253,2.3312,0.9288,1.2604
2024-08-13,2.6056,1.6253,2.3312,0.9288
2024-08-14,1.8043,2.6056,1.6253,2.3312
2024-08-15,1.2111,1.8043,2.6056,1.6253
2024-08-16,1.6883,1.2111,1.8043,2.6056
2024-08-17,1.54,1.6883,1.2111,1.8043
2024-08-18,0.6809,1.54,1.6883,1.2111
2024-08-19,0.7255,0.6809,1.54,1.6883
2024-08-20,0.4897,0.7255,0.6809,1.54
2024-08-21,0.9263,0.4897,0.7255,0.6809
2024-08-22,0.7031,0.9263,0.4897,0.7255
2024-08-23,1.6314,0.7031,0.9263,0.4897
2024-08-24,1.4971,1.6314,0.7031,0.9263
2024-08-25,1.2015,1.4971,1.6314,0.7031
2024-08-26,1.6996,1.2015,1.4971,1.6314
2024-08-27,1.6878,1.6996,1.2015,1.4971
2024-08-28,0.6236,1.6878,1.6996,1.2015
2024-08-29,1.093,0.6236,1.6878,1.6996
2024-08-30,1.0549,1.093,0.6236,1.6878
2024-08-31,0.6204,1.0549,1.093,0.6236
2024-09-01,0.9407,0.6204,1.0549,1.093
2024-09-02,1.439,0.9407,0.6204,1.0549
2024-09-03,1.6732,1.439,0.9407,0.6204
2024-09-04,0.6071,1.6732,1.439,0.9407
2024-09-05,0.8421,0.6071,1.6732,1.439
2024-09-06,0.6971,0.8421,0.6071,1.6732
2024-09-07,1.035,0.6971,0.8421,0.6071
2024-09-08,0.5892,1.035,0.6971,0.8421
2024-09-09,0.5744,0.5892,1.035,0.6971
2024-09-10,1.2759,0.5744,0.5892,1.035
2024-09-11,0.5876,1.2759,0.5744,0.5892
2024-09-12,1.6681,0.5876,1.2759,0.5744
2024-09-13,1.0472,1.6681,0.5876,1.2759
2024-09-14,1.0032,1.0472,1.6681,0.5876
2024-09-15,0.8676,1.0032,1.0472,1.6681
2024-09-16,0.5335,0.8676,1.0032,1.0472
2024-09-17,1.4019,0.5335,0.8676,1.0032
2024-09-18,0.139,1.4019,0.5335,0.8676
2024-09-19,0.6966,0.139,1.4019,0.5335
2024-09-20,1.0422,0.6966,0.139,1.4019
2024-09-21,0.7508,1.0422,0.6966,0.139
2024-09-22,1.7936,0.7508,1.0422,0.6966
2024-09-23,1.3344,1.7936,0.7508,1.0422
2024-09-24,0.3499,1.3344,1.7936,0.7508
2024-09-25,1.353,0.3499,1.3344,1.7936
2024-09-26,0.5719,1.353,0.3499,1.3344
2024-09-27,2.9287,0.5719,1.353,0.3499
2024-09-28,1.979,2.9287,0.5719,1.353
2024-09-29,2.5796,1.979,2.9287,0.5719
2024-09-30,1.8234,2.5796,1.979,2.9287
2024-10-01,1.1225,1.8234,2.5796,1.979
2024-10-02,1.7988,1.1225,1.8234,2.5796
2024-10-03,0.2529,1.7988,1.1225,1.8234
2024-10-04,1.3361,0.2529,1.7988,1.1225
2024-10-05,1.5666,1.3361,0.2529,1.7988
2024-10-06,1.9979,1.5666,1.3361,0.2529
2024-10-07,0.8824,1.9979,1.5666,1.3361
2024-10-08,1.2007,0.8824,1.9979,1.5666
2024-10-09,2.4307,1.2007,0.8824,1.9979
2024-10-10,1.4452,2.4307,1.2007,0.8824
2024-10-11,1.2635,1.4452,2.4307,1.2007
2024-10-12,1.9602,1.2635,1.4452,2.4307
2024-10-13,1.3241,1.9602,1.2635,1.4452
2024-10-14,0.9388,1.3241,1.9602,1.2635
2024-10-15,1.448,0.9388,1.3241,1.9602
2024-10-16,1.1705,1.448,0.9388,1.3241
2024-10-17,1.3396,1.1705,1.448,0.9388
2024-10-18,1.8082,1.3396,1.1705,1.448
2024-10-19,1.4702,1.8082,1.3396,1.1705
2024-10-20,2.2658,1.4702,1.8082,1.3396
2024-10-21,1.8151,2.2658,1.4702,1.8082
2024-10-22,2.448,1.8151,2.2658,1.4702
2024-10-23,1.3776,2.448,1.8151,2.2658
2024-10-24,0.6145,1.3776,2.448,1.8151
2024-10-25,0.9103,0.6145,1.3776,2.448
2024-10-26,0.8139,0.9103,0.6145,1.3776
2024-10-27,1.3934,0.8139,0.9103,0.6145
2024-10-28,1.3911,1.3934,0.8139,0.9103
2024-10-29,1.4614,1.3911,1.3934,0.8139
2024-10-30,1.6028,1.4614,1.3911,1.3934
2024-10-31,1.0886,1.6028,1.4614,1.3911
2024-11-01,1.3889,1.0886,1.6028,1.4614
2024-11-02,0.7515,1.3889,1.0886,1.6028
2024-11-03,0.982,0.7515,1.3889,1.0886
2024-11-04,1.8139,0.982,0.7515,1.3889
2024-11-05,-0.2575,1.8139,0.982,0.7515
2024-11-06,1.4198,-0.2575,1.8139,0.982
2024-11-07,0.9876,1.4198,-0.2575,1.8139
2024-11-08,1.9534,0.9876,1.4198,-0.2575
2024-11-09,1.8428,1.9534,0.9876,1.4198
2024-11-10,1.9838,1.8428,1.9534,0.9876
2024-11-11,2.3643,1.9838,1.8428,1.9534
2024-11-12,1.7896,2.3643,1.9838,1.8428
2024-11-13,1.7746,1.7896,2.3643,1.9838
2024-11-14,1.3532,1.7746,1.7896,2.3643
2024-11-15,2.2319,1.3532,1.7746,1.7896
2024-11-16,1.6236,2.2319,1.3532,1.7746
2024-11-17,1.7899,1.6236,2.2319,1.3532
2024-11-18,1.2285,1.7899,1.6236,2.2319
2024-11-19,1.8283,1.2285,1.7899,1.6236
2024-11-20,1.1839,1.8283,1.2285,1.7899
2024-11-21,1.3157,1.1839,1.8283,1.2285
2024-11-22,1.4025,1.3157,1.1839,1.8283
2024-11-23,1.4358,1.4025,1.3157,1.1839
2024-11-24,2.4909,1.4358,1.4025,1.3157
2024-11-25,1.4617,2.4909,1.4358,1.4025
2024-11-26,1.1852,1.4617,2.4909,1.4358
2024-11-27,1.8363,1.1852,1.4617,2.4909
2024-11-28,2.5543,1.8363,1.1852,1.4617
2024-11-29,1.8497,2.5543,1.8363,1.1852
2024-11-30,1.5148,1.8497,2.5543,1.8363
2024-12-01,1.007,1.5148,1.8497,2.5543
2024-12-02,1.5359,1.007,1.5148,1.8497
2024-12-03,1.38,1.5359,1.007,1.5148
2024-12-04,1.1759,1.38,1.5359,1.007
2024-12-05,0.2065,1.1759,1.38,1.5359
2024-12-06,0.4381,0.2065,1.1759,1.38
2024-12-07,-0.1187,0.4381,0.2065,1.1759
2024-12-08,2.1269,-0.1187,0.4381,0.2065
2024-12-09,0.67,2.1269,-0.1187,0.4381
2024-12-10,0.828,0.67,2.1269,-0.1187
2024-12-11,1.5876,0.828,0.67,2.1269
2024-12-12,2.2204,1.5876,0.828,0.67
2024-12-13,2.4779,2.2204,1.5876,0.828
2024-12-14,1.4364,2.4779,2.2204,1.5876
2024-12-15,0.3643,1.4364,2.4779,2.2204
2024-12-16,1.3144,0.3643,1.4364,2.4779
2024-12-17,1.844,1.3144,0.3643,1.4364
2024-12-18,1.4805,1.844,1.3144,0.3643
2024-12-19,1.1931,1.4805,1.844,1.3144
2024-12-20,1.2049,1.1931,1.4805,1.844
2024-12-21,0.8689,1.2049,1.1931,1.4805
2024-12-22,2.943,0.8689,1.2049,1.1931
2024-12-23,0.9319,2.943,0.8689,1.2049
2024-12-24,1.5633,0.9319,2.943,0.8689
2024-12-25,3.2887,1.5633,0.9319,2.943
2024-12-26,1.2016,3.2887,1.5633,0.9319
2024-12-27,1.6969,1.2016,3.2887,1.5633
2024-12-28,2.197,1.6969,1.2016,3.2887
2024-12-29,-1.4085,2.197,1.6969,1.2016
2024-12-30,0.9362,-1.4085,2.197,1.6969
2024-12-31,1.1836,0.9362,-1.4085,2.197
2025-01-01,-0.4928,1.1836,0.9362,-1.4085
2025-01-02,1.2533,-0.4928,1.1836,0.9362
2025-01-03,2.0507,1.2533,-0.4928,1.1836
2025-01-04,1.107,2.0507,1.2533,-0.4928
2025-01-05,2.2396,1.107,2.0507,1.2533
2025-01-06,1.9979,2.2396,1.107,2.0507
2025-01-07,2.0441,1.9979,2.2396,1.107
2025-01-08,1.852,2.0441,1.9979,2.2396
2025-01-09,2.7245,1.852,2.0441,1.9979
2025-01-10,1.2033,2.7245,1.852,2.0441
2025-01-11,3.3274,1.2033,2.7245,1.852
2025-01-12,-3.6519,3.3274,1.2033,2.7245
2025-01-13,1.4283,-3.6519,3.3274,1.2033
2025-01-14,1.5108,1.4283,-3.6519,3.3274
2025-01-15,2.0347,1.5108,1.4283,-3.6519
2025-01-16,1.4264,2.0347,1.5108,1.4283
2025-01-17,1.6246,1.4264,2.0347,1.5108
2025-01-18,1.1158,1.6246,1.4264,2.0347
2025-01-19,1.1457,1.1158,1.6246,1.4264
2025-01-20,0.5698,1.1457,1.1158,1.6246
2025-01-21,0.5899,0.5698,1.1457,1.1158
2025-01-22,1.3056,0.5899,0.5698,1.1457
2025-01-23,1.0434,1.3056,0.5899,0.5698
2025-01-24,2.1208,1.0434,1.3056,0.5899
2025-01-25,2.1072,2.1208,1.0434,1.3056
2025-01-26,2.3381,2.1072,2.1208,1.0434
2025-01-27,1.9837,2.3381,2.1072,2.1208
2025-01-28,0.3501,1.9837,2.3381,2.1072
2025-01-29,1.1972,0.3501,1.9837,2.3381
2025-01-30,1.5747,1.1972,0.3501,1.9837
2025-01-31,1.5632,1.5747,1.1972,0.3501
2025-02-01,1.5547,1.5632,1.5747,1.1972
2025-02-02,0.4398,1.5547,1.5632,1.5747
2025-02-03,0.9571,0.4398,1.5547,1.5632
2025-02-04,1.1959,0.9571,0.4398,1.5547
2025-02-05,0.325,1.1959,0.9571,0.4398
2025-02-06,1.1707,0.325,1.1959,0.9571
2025-02-07,1.0009,1.1707,0.325,1.1959
2025-02-08,2.8239,1.0009,1.1707,0.325
2025-02-09,2.3872,2.8239,1.0009,1.1707
2025-02-10,1.0936,2.3872,2.8239,1.0009
2025-02-11,0.3987,1.0936,2.3872,2.8239
2025-02-12,0.5145,0.3987,1.0936,2.3872
2025-02-13,0.9131,0.5145,0.3987,1.0936
2025-02-14,1.8806,0.9131,0.5145,0.3987
2025-02-15,0.3114,1.8806,0.9131,0.5145
2025-02-16,0.4659,0.3114,1.8806,0.9131
2025-02-17,0.0971,0.4659,0.3114,1.8806
2025-02-18,-0.1609,0.0971,0.4659,0.3114
2025-02-19,0.6074,-0.1609,0.0971,0.4659
2025-02-20,0.7744,0.6074,-0.1609,0.0971
2025-02-21,0.8579,0.7744,0.6074,-0.1609
2025-02-22,1.2747,0.8579,0.7744,0.6074
2025-02-23,0.6178,1.2747,0.8579,0.7744
2025-02-24,-1.3381,0.6178,1.2747,0.8579
2025-02-25,-1.4043,-1.3381,0.6178,1.2747
2025-02-26,0.1681,-1.4043,-1.3381,0.6178
2025-02-27,-0.0689,0.1681,-1.4043,-1.3381
2025-02-28,0.3906,-0.0689,0.1681,-1.4043
2025-03-01,0.2374,0.3906,-0.0689,0.1681
2025-03-02,0.2459,0.2374,0.3906,-0.0689
2025-03-03,0.4014,0.2459,0.2374,0.3906
2025-03-04,0.3192,0.4014,0.2459,0.2374
2025-03-05,0.6549,0.3192,0.4014,0.2459
2025-03-06,0.3097,0.6549,0.3192,0.4014
2025-03-07,0.5525,0.3097,0.6549,0.3192
2025-03-08,0.1043,0.5525,0.3097,0.6549
2025-03-09,0.6262,0.1043,0.5525,0.3097
2025-03-10,-0.1248,0.6262,0.1043,0.5525
2025-03-11,-0.1692,-0.1248,0.6262,0.1043
2025-03-12,0.7711,-0.1692,-0.1248,0.6262
2025-03-13,-0.4853,0.7711,-0.1692,-0.1248
2025-03-14,-0.4179,-0.4853,0.7711,-0.1692
2025-03-15,-0.394,-0.4179,-0.4853,0.7711
2025-03-16,-0.0733,-0.394,-0.4179,-0.4853
2025-03-17,0.6746,-0.0733,-0.394,-0.4179
2025-03-18,0.6073,0.6746,-0.0733,-0.394
2025-03-19,0.8505,0.6073,0.6746,-0.0733
2025-03-20,0.8621,0.8505,0.6073,0.6746
2025-03-21,1.886,0.8621,0.8505,0.6073
2025-03-22,1.8047,1.886,0.8621,0.8505
2025-03-23,2.0638,1.8047,1.886,0.8621
2025-03-24,0.5522,2.0638,1.8047,1.886
2025-03-25,2.4615,0.5522,2.0638,1.8047
2025-03-26,2.1518,2.4615,0.5522,2.0638
2025-03-27,2.4279,2.1518,2.4615,0.5522
2025-03-28,-0.5739,2.4279,2.1518,2.4615
2025-03-29,-0.5984,-0.5739,2.4279,2.1518
2025-03-30,0.239,-0.5984,-0.5739,2.4279
2025-03-31,1.1231,0.239,-0.5984,-0.5739
2025-04-01,0.1871,1.1231,0.239,-0.5984
2025-04-02,-1.338,0.1871,1.1231,0.239
2025-04-03,0.5652,-1.338,0.1871,1.1231
2025-04-04,-0.8302,0.5652,-1.338,0.1871
2025-04-05,1.0535,-0.8302,0.5652,-1.338
2025-04-06,-1.2563,1.0535,-0.8302,0.5652
2025-04-07,-2.2516,-1.2563,1.0535,-0.8302
2025-04-08,0.2389,-2.2516,-1.2563,1.0535
2025-04-09,0.7991,0.2389,-2.2516,-1.2563
2025-04-10,1.3603,0.7991,0.2389,-2.2516
2025-04-11,1.1366,1.3603,0.7991,0.2389
2025-04-12,0.73,1.1366,1.3603,0.7991
2025-04-13,-1.2749,0.73,1.1366,1.3603
2025-04-14,0.4231,-1.2749,0.73,1.1366
2025-04-15,1.643,0.4231,-1.2749,0.73
2025-04-16,-0.181,1.643,0.4231,-1.2749
2025-04-17,1.2437,-0.181,1.643,0.4231
2025-04-18,0.5492,1.2437,-0.181,1.643
2025-04-19,0.721,0.5492,1.2437,-0.181
2025-04-20,1.5193,0.721,0.5492,1.2437
2025-04-21,1.3758,1.5193,0.721,0.5492
2025-04-22,1.0018,1.3758,1.5193,0.721
2025-04-23,0.6049,1.0018,1.3758,1.5193
2025-04-24,0.7533,0.6049,1.0018,1.3758
2025-04-25,1.3598,0.7533,0.6049,1.0018
2025-04-26,2.5339,1.3598,0.7533,0.6049
2025-04-27,0.2471,2.5339,1.3598,0.7533
2025-04-28,2.5091,0.2471,2.5339,1.3598
2025-04-29,1.0222,2.5091,0.2471,2.5339
2025-04-30,1.0062,1.0222,2.5091,0.2471
2025-05-01,1.5065,1.0062,1.0222,2.5091
2025-05-02,1.3744,1.5065,1.0062,1.0222
2025-05-03,1.0292,1.3744,1.5065,1.0062
2025-05-04,1.6787,1.0292,1.3744,1.5065
2025-05-05,0.9312,1.6787,1.0292,1.3744
2025-05-06,1.7072,0.9312,1.6787,1.0292
2025-05-07,1.7837,1.7072,0.9312,1.6787
2025-05-08,1.1614,1.7837,1.7072,0.9312
2025-05-09,1.3797,1.1614,1.7837,1.7072
2025-05-10,1.4953,1.3797,1.1614,1.7837
2025-05-11,1.8076,1.4953,1.3797,1.1614
2025-05-12,2.2052,1.8076,1.4953,1.3797
2025-05-13,0.8687,2.2052,1.8076,1.4953
2025-05-14,1.3915,0.8687,2.2052,1.8076
2025-05-15,1.1275,1.3915,0.8687,2.2052
2025-05-16,2.0013,1.1275,1.3915,0.8687
2025-05-17,1.9963,2.0013,1.1275,1.3915
2025-05-18,0.8442,1.9963,2.0013,1.1275
2025-05-19,1.3074,0.8442,1.9963,2.0013
2025-05-20,1.8944,1.3074,0.8442,1.9963
2025-05-21,1.6834,1.8944,1.3074,0.8442
2025-05-22,2.2292,1.6834,1.8944,1.3074
2025-05-23,1.526,2.2292,1.6834,1.8944
2025-05-24,1.2582,1.526,2.2292,1.6834
2025-05-25,-0.2938,1.2582,1.526,2.2292
2025-05-26,1.5468,-0.2938,1.2582,1.526
2025-05-27,2.633,1.5468,-0.2938,1.2582
2025-05-28,2.1344,2.633,1.5468,-0.2938
2025-05-29,1.2407,2.1344,2.633,1.5468
2025-05-30,1.2109,1.2407,2.1344,2.633
2025-05-31,-0.6937,1.2109,1.2407,2.1344
2025-06-01,1.4837,-0.6937,1.2109,1.2407
2025-06-02,2.2351,1.4837,-0.6937,1.2109
2025-06-03,2.0465,2.2351,1.4837,-0.6937
2025-06-04,1.5738,2.0465,2.2351,1.4837
2025-06-05,2.1861,1.5738,2.0465,2.2351
2025-06-06,0.4176,2.1861,1.5738,2.0465
2025-06-07,0.7745,0.4176,2.1861,1.5738
2025-06-08,2.1777,0.7745,0.4176,2.1861
2025-06-09,1.2618,2.1777,0.7745,0.4176
2025-06-10,1.5369,1.2618,2.1777,0.7745
2025-06-11,1.8993,1.5369,1.2618,2.1777
2025-06-12,1.4827,1.8993,1.5369,1.2618
2025-06-13,0.4842,1.4827,1.8993,1.5369
2025-06-14,0.4245,0.4842,1.4827,1.8993
2025-07-02,1.3614,0.4245,0.4842,1.4827
2025-07-03,1.3078,1.3614,0.4245,0.4842
2025-07-04,1.4137,1.3078,1.3614,0.4245
2025-07-05,1.358,1.4137,1.3078,1.3614
2025-07-06,0.7507,1.358,1.4137,1.3078
2025-07-07,0.9437,0.7507,1.358,1.4137
2025-07-08,1.5616,0.9437,0.7507,1.358
2025-07-09,1.2586,1.5616,0.9437,0.7507
2025-07-10,1.9193,1.2586,1.5616,0.9437
2025-07-11,1.199,1.9193,1.2586,1.5616
2025-07-12,1.8108,1.199,1.9193,1.2586
2025-07-13,2.7904,1.8108,1.199,1.9193
2025-07-14,1.8318,2.7904,1.8108,1.199
2025-07-15,1.6548,1.8318,2.7904,1.8108
2025-07-16,1.5408,1.6548,1.8318,2.7904
2025-07-17,0.7996,1.5408,1.6548,1.8318
2025-07-18,1.975,0.7996,1.5408,1.6548
2025-07-19,1.2149,1.975,0.7996,1.5408
2025-07-20,0.6932,1.2149,1.975,0.7996
2025-07-21,1.7505,0.6932,1.2149,1.975
2025-07-22,1.3706,1.7505,0.6932,1.2149
2025-07-23,0.8365,1.3706,1.7505,0.6932
2025-07-24,0.7928,0.8365,1.3706,1.7505
2025-07-25,0.767,0.7928,0.8365,1.3706
2025-07-26,0.7425,0.767,0.7928,0.8365
2025-07-27,1.4448,0.7425,0.767,0.7928
2025-07-28,1.5088,1.4448,0.7425,0.767
2025-07-29,1.0359,1.5088,1.4448,0.7425
2025-07-30,1.5621,1.0359,1.5088,1.4448
2025-07-31,1.3063,1.5621,1.0359,1.5088
2025-08-01,1.4802,1.3063,1.5621,1.0359
2025-08-02,0.8916,1.4802,1.3063,1.5621
2025-08-03,1.0765,0.8916,1.4802,1.3063
2025-08-04,1.1767,1.0765,0.8916,1.4802
2025-08-05,1.8215,1.1767,1.0765,0.8916
2025-08-06,1.4758,1.8215,1.1767,1.0765
2025-08-07,1.0983,1.4758,1.8215,1.1767
2025-08-08,0.831,1.0983,1.4758,1.8215
2025-08-09,2.0392,0.831,1.0983,1.4758
2025-08-10,1.5668,2.0392,0.831,1.0983
2025-08-11,0.9157,1.5668,2.0392,0.831
2025-08-12,1.3582,0.9157,1.5668,2.0392
2025-08-13,0.7067,1.3582,0.9157,1.5668
2025-08-14,1.227,0.7067,1.3582,0.9157
2025-08-15,-0.5468,1.227,0.7067,1.3582
2025-08-16,0.2607,-0.5468,1.227,0.7067
2025-08-17,0.1475,0.2607,-0.5468,1.227
2025-08-18,0.0438,0.1475,0.2607,-0.5468
2025-08-19,1.3294,0.0438,0.1475,0.2607
2025-08-20,0.1896,1.3294,0.0438,0.1475
2025-08-21,-0.0758,0.1896,1.3294,0.0438
2025-08-22,0.2316,-0.0758,0.1896,1.3294
2025-08-23,0.0067,0.2316,-0.0758,0.1896
2025-08-24,-0.1054,0.0067,0.2316,-0.0758
2025-08-25,0.759,-0.1054,0.0067,0.2316
2025-08-26,0.2494,0.759,-0.1054,0.0067
2025-08-27,1.0838,0.2494,0.759,-0.1054
2025-08-28,1.8133,1.0838,0.2494,0.759
2025-08-29,1.3845,1.8133,1.0838,0.2494
2025-08-30,0.6453,1.3845,1.8133,1.0838
2025-08-31,-0.4064,0.6453,1.3845,1.8133
2025-09-01,1.5121,-0.4064,0.6453,1.3845
2025-09-02,0.2455,1.5121,-0.4064,0.6453
2025-09-03,1.4998,0.2455,1.5121,-0.4064
2025-09-04,1.1104,1.4998,0.2455,1.5121
2025-09-05,1.3688,1.1104,1.4998,0.2455
2025-09-06,0.5633,1.3688,1.1104,1.4998
2025-09-07,0.9752,0.5633,1.3688,1.1104
2025-09-08,1.0011,0.9752,0.5633,1.3688
2025-09-09,1.6298,1.0011,0.9752,0.5633
2025-09-10,1.1598,1.6298,1.0011,0.9752
2025-09-11,1.8113,1.1598,1.6298,1.0011
2025-09-12,1.7342,1.8113,1.1598,1.6298
2025-09-13,0.9171,1.7342,1.8113,1.1598
2025-09-14,0.6283,0.9171,1.7342,1.8113
2025-09-15,1.3974,0.6283,0.9171,1.7342
2025-09-16,0.9331,1.3974,0.6283,0.9171
2025-09-17,1.6276,0.9331,1.3974,0.6283
2025-09-18,1.261,1.6276,0.9331,1.3974
2025-09-19,2.0426,1.261,1.6276,0.9331
2025-09-20,0.0703,2.0426,1.261,1.6276
2025-09-21,0.5838,0.0703,2.0426,1.261
2025-09-22,0.2206,0.5838,0.0703,2.0426
2025-09-23,0.612,0.2206,0.5838,0.0703
2025-09-24,1.8676,0.612,0.2206,0.5838
2025-09-25,0.7535,1.8676,0.612,0.2206
2025-09-26,0.1433,0.7535,1.8676,0.612
2025-09-27,1.1039,0.1433,0.7535,1.8676
2025-09-28,0.745,1.1039,0.1433,0.7535
2025-09-29,0.6561,0.745,1.1039,0.1433
2025-09-30,1.1794,0.6561,0.745,1.1039
2025-10-01,1.6884,1.1794,0.6561,0.745
2025-10-02,1.7241,1.6884,1.1794,0.6561
2025-10-03,1.4717,1.7241,1.6884,1.1794
2025-10-04,1.8051,1.4717,1.7241,1.6884
2025-10-05,0.5143,1.8051,1.4717,1.7241
2025-10-06,2.2419,0.5143,1.8051,1.4717
2025-10-07,1.0135,2.2419,0.5143,1.8051
2025-10-08,0.3988,1.0135,2.2419,0.5143
2025-10-09,1.4717,0.3988,1.0135,2.2419
2025-10-10,0.5852,1.4717,0.3988,1.0135
2025-10-11,-1.7334,0.5852,1.4717,0.3988
2025-10-12,-2.6879,-1.7334,0.5852,1.4717
2025-10-13,-0.0989,-2.6879,-1.7334,0.5852
2025-10-14,-0.0401,-0.0989,-2.6879,-1.7334
2025-10-15,1.3859,-0.0401,-0.0989,-2.6879
2025-10-16,0.5456,1.3859,-0.0401,-0.0989
2025-10-17,0.117,0.5456,1.3859,-0.0401
2025-10-18,0.6007,0.117,0.5456,1.3859
2025-10-19,0.618,0.6007,0.117,0.5456
2025-10-20,1.8717,0.618,0.6007,0.117
2025-10-21,1.9993,1.8717,0.618,0.6007
2025-10-22,1.3487,1.9993,1.8717,0.618
2025-10-23,1.0374,1.3487,1.9993,1.8717
2025-10-24,0.7957,1.0374,1.3487,1.9993
2025-10-25,1.0254,0.7957,1.0374,1.3487
2025-10-26,1.1525,1.0254,0.7957,1.0374
2025-10-27,1.6739,1.1525,1.0254,0.7957
2025-10-28,1.4182,1.6739,1.1525,1.0254
2025-10-29,0.6225,1.4182,1.6739,1.1525
2025-10-30,0.5998,0.6225,1.4182,1.6739
2025-10-31,0.9113,0.5998,0.6225,1.4182
2025-11-01,0.1151,0.9113,0.5998,0.6225
2025-11-02,1.8568,0.1151,0.9113,0.5998
2025-11-03,-1.3348,1.8568,0.1151,0.9113
2025-11-04,-0.5862,-1.3348,1.8568,0.1151
2025-11-05,0.7505,-0.5862,-1.3348,1.8568
2025-11-06,1.0317,0.7505,-0.5862,-1.3348
2025-11-07,0.2638,1.0317,0.7505,-0.5862
2025-11-08,-0.2969,0.2638,1.0317,0.7505
2025-11-09,1.2449,-0.2969,0.2638,1.0317
2025-11-10,0.4331,1.2449,-0.2969,0.2638
2025-11-11,1.1351,0.4331,1.2449,-0.2969
2025-11-12,1.917,1.1351,0.4331,1.2449
2025-11-13,3.373,1.917,1.1351,0.4331
2025-11-14,0.3685,3.373,1.917,1.1351
2025-11-15,0.7674,0.3685,3.373,1.917
2025-11-16,0.9249,0.7674,0.3685,3.373
2025-11-17,-0.1103,0.9249,0.7674,0.3685
2025-11-18,0.2127,-0.1103,0.9249,0.7674
2025-11-19,0.8845,0.2127,-0.1103,0.9249
2025-11-20,0.8988,0.8845,0.2127,-0.1103
2025-11-21,0.6553,0.8988,0.8845,0.2127
2025-11-22,-1.0986,0.6553,0.8988,0.8845
2025-11-23,-0.3675,-1.0986,0.6553,0.8988
2025-11-24,0.5978,-0.3675,-1.0986,0.6553
2025-11-25,0.1745,0.5978,-0.3675,-1.0986
2025-11-26,0.9171,0.1745,0.5978,-0.3675
2025-11-27,0.2898,0.9171,0.1745,0.5978
2025-11-28,-0.8181,0.2898,0.9171,0.1745
2025-11-29,-0.5108,-0.8181,0.2898,0.9171
2025-11-30,0.1232,-0.5108,-0.8181,0.2898
2025-12-01,-1.3778,0.1232,-0.5108,-0.8181
2025-12-02,-0.2628,-1.3778,0.1232,-0.5108
2025-12-03,0.6773,-0.2628,-1.3778,0.1232
2025-12-04,1.6178,0.6773,-0.2628,-1.3778
2025-12-05,1.4648,1.6178,0.6773,-0.2628
2025-12-06,0.0,1.4648,1.6178,0.6773
2025-12-07,0.6709,0.0,1.4648,1.6178
2025-12-08,0.2009,0.6709,0.0,1.4648
2025-12-09,1.2386,0.2009,0.6709,0.0
2025-12-10,0.1886,1.2386,0.2009,0.6709
2025-12-11,1.5972,0.1886,1.2386,0.2009
2025-12-12,0.722,1.5972,0.1886,1.2386
2025-12-13,0.2099,0.722,1.5972,0.1886
2025-12-14,1.0644,0.2099,0.722,1.5972
2025-12-15,-0.1614,1.0644,0.2099,0.722
2025-12-16,1.0927,-0.1614,1.0644,0.2099
2025-12-17,0.7234,1.0927,-0.1614,1.0644
2025-12-18,0.2653,0.7234,1.0927,-0.1614
2025-12-19,0.0101,0.2653,0.7234,1.0927
2025-12-20,0.2649,0.0101,0.2653,0.7234
2025-12-21,-0.1316,0.2649,0.0101,0.2653
2025-12-22,0.1699,-0.1316,0.2649,0.0101
2025-12-23,0.2366,0.1699,-0.1316,0.2649
2025-12-24,-0.1425,0.2366,0.1699,-0.1316
2025-12-25,1.1563,-0.1425,0.2366,0.1699
2025-12-26,1.3388,1.1563,-0.1425,0.2366
2025-12-27,0.3474,1.3388,1.1563,-0.1425
2025-12-28,-0.7694,0.3474,1.3388,1.1563
2025-12-29,0.427,-0.7694,0.3474,1.3388
2025-12-30,-0.0681,0.427,-0.7694,0.3474
2025-12-31,0.4628,-0.0681,0.427,-0.7694
2026-01-01,0.4333,0.4628,-0.0681,0.427
2026-01-02,0.018,0.4333,0.4628,-0.0681
2026-01-03,-0.3864,0.018,0.4333,0.4628
2026-01-04,-0.9251,-0.3864,0.018,0.4333
2026-01-05,-0.5879,-0.9251,-0.3864,0.018
2026-01-06,-1.3765,-0.5879,-0.9251,-0.3864
2026-01-07,0.6053,-1.3765,-0.5879,-0.9251
2026-01-08,0.5574,0.6053,-1.3765,-0.5879
2026-01-09,0.7068,0.5574,0.6053,-1.3765
2026-01-10,-0.6019,0.7068,0.5574,0.6053
2026-01-11,-1.8449,-0.6019,0.7068,0.5574
2026-01-12,-0.012,-1.8449,-0.6019,0.7068
2026-01-13,-0.732,-0.012,-1.8449,-0.6019
2026-01-14,-0.0697,-0.732,-0.012,-1.8449
2026-01-15,0.8456,-0.0697,-0.732,-0.012
2026-01-16,0.7761,0.8456,-0.0697,-0.732
2026-01-17,0.1801,0.7761,0.8456,-0.0697
2026-01-18,-1.1675,0.1801,0.7761,0.8456
2026-01-19,-1.8479,-1.1675,0.1801,0.7761
2026-01-20,0.4599,-1.8479,-1.1675,0.1801
2026-01-21,-1.5703,0.4599,-1.8479,-1.1675
2026-01-22,-0.238,-1.5703,0.4599,-1.8479
2026-01-23,0.0818,-0.238,-1.5703,0.4599
2026-01-24,-0.1141,0.0818,-0.238,-1.5703
2026-01-25,0.3891,-0.1141,0.0818,-0.238
2026-01-26,0.6076,0.3891,-0.1141,0.0818
2026-01-27,0.2377,0.6076,0.3891,-0.1141
2026-01-28,0.4717,0.2377,0.6076,0.3891
2026-01-29,-0.4301,0.4717,0.2377,0.6076
2026-01-30,0.4716,-0.4301,0.4717,0.2377
2026-01-31,-1.1709,0.4716,-0.4301,0.4717
2026-02-01,-0.3698,-1.1709,0.4716,-0.4301
2026-02-02,-0.1415,-0.3698,-1.1709,0.4716
2026-02-03,-0.1435,-0.1415,-0.3698,-1.1709
2026-02-04,-0.2637,-0.1435,-0.1415,-0.3698
2026-02-05,0.0599,-0.2637,-0.1435,-0.1415
2026-02-06,-2.2626,0.0599,-0.2637,-0.1435
2026-02-07,-0.6377,-2.2626,0.0599,-0.2637
2026-02-08,-0.0682,-0.6377,-2.2626,0.0599
2026-02-09,-0.2152,-0.0682,-0.6377,-2.2626
2026-02-10,0.9661,-0.2152,-0.0682,-0.6377
2026-02-11,0.722,0.9661,-0.2152,-0.0682
2026-02-12,1.6684,0.722,0.9661,-0.2152
2026-02-13,0.5396,1.6684,0.722,0.9661
2026-02-14,0.1745,0.5396,1.6684,0.722
2026-02-15,-0.8471,0.1745,0.5396,1.6684
2026-02-16,-2.1649,-0.8471,0.1745,0.5396
2026-02-17,0.1812,-2.1649,-0.8471,0.1745
2026-02-18,0.4343,0.1812,-2.1649,-0.8471
2026-02-19,-1.8873,0.4343,0.1812,-2.1649
2026-02-20,-3.5888,-1.8873,0.4343,0.1812
2026-02-21,0.3554,-3.5888,-1.8873,0.4343
2026-02-22,-0.95,0.3554,-3.5888,-1.8873
2026-02-23,-0.3602,-0.95,0.3554,-3.5888
2026-02-24,-1.0318,-0.3602,-0.95,0.3554
2026-02-25,0.4078,-1.0318,-0.3602,-0.95
2026-02-26,-1.0935,0.4078,-1.0318,-0.3602
2026-02-27,-0.6934,-1.0935,0.4078,-1.0318
